Simulation,TGS,repWin,demWin,repVote,demVote,bipartisanR,bipartisanD
-1,18284,1,7,857357,1625672,3,5
1000,12661,1,7,857357,1625672,3,5
1001,12457,1,7,857357,1625672,4,4
1002,10697,2,6,857357,1625672,3,5
1003,10946,2,6,857357,1625672,4,4
1004,10932,2,6,857357,1625672,3,5
1005,12989,1,7,857357,1625672,4,4
1006,11479,1,7,857357,1625672,4,4
1007,11832,2,6,857357,1625672,4,4
1008,12194,1,7,857357,1625672,4,4
1009,11394,2,6,857357,1625672,3,5
1010,11473,1,7,857357,1625672,3,5
1011,11511,2,6,857357,1625672,3,5
1012,10766,2,6,857357,1625672,3,5
1013,12260,1,7,857357,1625672,3,5
1014,11038,2,6,857357,1625672,4,4
1015,12121,1,7,857357,1625672,4,4
1016,11559,1,7,857357,1625672,4,4
1017,12629,1,7,857357,1625672,4,4
1018,11672,2,6,857357,1625672,3,5
1019,12090,1,7,857357,1625672,4,4
1020,11760,1,7,857357,1625672,5,3
1021,12738,2,6,857357,1625672,2,6
1022,11079,1,7,857357,1625672,4,4
1023,12559,2,6,857357,1625672,3,5
1024,11847,2,6,857357,1625672,3,5
1025,11629,1,7,857357,1625672,3,5
1026,11294,1,7,857357,1625672,4,4
1027,11526,1,7,857357,1625672,4,4
1028,11738,1,7,857357,1625672,4,4
1029,13446,2,6,857357,1625672,3,5
1030,12271,2,6,857357,1625672,3,5
1031,12321,1,7,857357,1625672,4,4
1032,11589,2,6,857357,1625672,3,5
1033,11476,2,6,857357,1625672,3,5
1034,12439,1,7,857357,1625672,4,4
1035,11098,2,6,857357,1625672,3,5
1036,12469,1,7,857357,1625672,4,4
1037,12558,2,6,857357,1625672,3,5
1038,11812,2,6,857357,1625672,3,5
1039,12073,1,7,857357,1625672,4,4
1040,12550,1,7,857357,1625672,4,4
1041,12114,1,7,857357,1625672,4,4
1042,12112,2,6,857357,1625672,3,5
1043,11878,1,7,857357,1625672,4,4
1044,13003,2,6,857357,1625672,3,5
1045,12187,1,7,857357,1625672,3,5
1046,11936,1,7,857357,1625672,4,4
1047,12138,2,6,857357,1625672,3,5
1048,10922,2,6,857357,1625672,3,5
1049,11972,1,7,857357,1625672,4,4
1050,10971,2,6,857357,1625672,3,5
1051,11148,1,7,857357,1625672,3,5
1052,13091,1,7,857357,1625672,4,4
1053,13819,1,7,857357,1625672,3,5
1054,12440,2,6,857357,1625672,2,6
1055,11037,2,6,857357,1625672,3,5
1056,11620,1,7,857357,1625672,4,4
1057,12641,2,6,857357,1625672,4,4
1058,11791,1,7,857357,1625672,3,5
1059,10849,1,7,857357,1625672,4,4
1060,11794,1,7,857357,1625672,4,4
1061,12678,2,6,857357,1625672,4,4
1062,12557,1,7,857357,1625672,4,4
1063,12037,2,6,857357,1625672,4,4
1064,10957,2,6,857357,1625672,4,4
1065,12256,1,7,857357,1625672,3,5
1066,12077,2,6,857357,1625672,3,5
1067,13178,1,7,857357,1625672,4,4
1068,11672,2,6,857357,1625672,3,5
1069,11292,2,6,857357,1625672,3,5
1070,11321,1,7,857357,1625672,5,3
1071,11257,2,6,857357,1625672,4,4
1072,12125,1,7,857357,1625672,4,4
1073,11094,2,6,857357,1625672,4,4
1074,11860,1,7,857357,1625672,4,4
1075,11462,1,7,857357,1625672,4,4
1076,11700,2,6,857357,1625672,3,5
1077,11712,1,7,857357,1625672,3,5
1078,11120,1,7,857357,1625672,3,5
1079,14494,1,7,857357,1625672,4,4
1080,12379,2,6,857357,1625672,3,5
1081,11890,2,6,857357,1625672,4,4
1082,11716,1,7,857357,1625672,5,3
1083,12980,1,7,857357,1625672,4,4
1084,11761,1,7,857357,1625672,3,5
1085,12033,2,6,857357,1625672,3,5
1086,11321,1,7,857357,1625672,4,4
1087,11631,1,7,857357,1625672,4,4
1088,12569,1,7,857357,1625672,4,4
1089,13371,2,6,857357,1625672,3,5
1090,12035,2,6,857357,1625672,3,5
1091,11230,2,6,857357,1625672,3,5
1092,11014,1,7,857357,1625672,4,4
1093,11104,1,7,857357,1625672,4,4
1094,11176,1,7,857357,1625672,4,4
1095,11083,1,7,857357,1625672,3,5
1096,13026,2,6,857357,1625672,3,5
1097,11890,2,6,857357,1625672,3,5
1098,11396,1,7,857357,1625672,3,5
1099,12195,2,6,857357,1625672,3,5
1100,11729,2,6,857357,1625672,3,5
1101,11290,2,6,857357,1625672,3,5
1102,11594,1,7,857357,1625672,5,3
1103,12595,1,7,857357,1625672,4,4
1104,11448,1,7,857357,1625672,4,4
1105,11639,1,7,857357,1625672,3,5
1106,12647,2,6,857357,1625672,4,4
1107,12321,1,7,857357,1625672,5,3
1108,14239,1,7,857357,1625672,3,5
1109,11674,1,7,857357,1625672,4,4
1110,10750,2,6,857357,1625672,3,5
1111,12112,2,6,857357,1625672,2,6
1112,11729,1,7,857357,1625672,4,4
1113,11732,2,6,857357,1625672,4,4
1114,14010,2,6,857357,1625672,2,6
1116,11769,2,6,857357,1625672,4,4
1117,15028,2,6,857357,1625672,2,6
1118,11631,2,6,857357,1625672,4,4
1119,11914,1,7,857357,1625672,4,4
1120,12449,2,6,857357,1625672,4,4
1121,11837,1,7,857357,1625672,4,4
1122,12072,1,7,857357,1625672,5,3
1123,11141,1,7,857357,1625672,4,4
1124,11436,2,6,857357,1625672,3,5
1125,11644,1,7,857357,1625672,5,3
1126,11234,1,7,857357,1625672,4,4
1127,12247,1,7,857357,1625672,4,4
1128,12891,1,7,857357,1625672,4,4
1129,11436,1,7,857357,1625672,4,4
1130,12457,2,6,857357,1625672,4,4
1131,11669,1,7,857357,1625672,4,4
1132,11636,2,6,857357,1625672,3,5
1133,12102,2,6,857357,1625672,3,5
1134,10979,1,7,857357,1625672,4,4
1135,11315,2,6,857357,1625672,3,5
1136,11204,1,7,857357,1625672,4,4
1137,11698,2,6,857357,1625672,4,4
1138,11268,1,7,857357,1625672,4,4
1139,13133,2,6,857357,1625672,3,5
1140,12068,2,6,857357,1625672,4,4
1141,12535,1,7,857357,1625672,4,4
1142,12759,1,7,857357,1625672,3,5
1143,11763,2,6,857357,1625672,3,5
1144,14960,1,7,857357,1625672,3,5
1145,12451,1,7,857357,1625672,5,3
1146,12304,2,6,857357,1625672,3,5
1147,13072,2,6,857357,1625672,4,4
1148,11997,1,7,857357,1625672,3,5
1149,12021,1,7,857357,1625672,4,4
1150,11124,2,6,857357,1625672,3,5
1151,12019,1,7,857357,1625672,4,4
1152,12032,1,7,857357,1625672,3,5
1153,12678,1,7,857357,1625672,4,4
1154,10726,1,7,857357,1625672,4,4
1155,11464,1,7,857357,1625672,4,4
1156,12194,2,6,857357,1625672,3,5
1157,11605,2,6,857357,1625672,3,5
1158,11960,1,7,857357,1625672,4,4
1159,11015,2,6,857357,1625672,4,4
1160,12244,2,6,857357,1625672,3,5
1161,12003,2,6,857357,1625672,4,4
1162,10762,2,6,857357,1625672,4,4
1163,12451,2,6,857357,1625672,3,5
1164,11123,2,6,857357,1625672,4,4
1165,12167,2,6,857357,1625672,4,4
1166,12559,2,6,857357,1625672,4,4
1167,12148,2,6,857357,1625672,3,5
1168,13827,1,7,857357,1625672,5,3
1169,11049,1,7,857357,1625672,4,4
1170,11898,2,6,857357,1625672,4,4
1171,11404,1,7,857357,1625672,4,4
1172,11313,2,6,857357,1625672,4,4
1173,11578,1,7,857357,1625672,4,4
1174,12132,1,7,857357,1625672,4,4
1175,10807,2,6,857357,1625672,3,5
1176,11287,1,7,857357,1625672,4,4
1177,11333,1,7,857357,1625672,3,5
1178,11604,2,6,857357,1625672,3,5
1179,12141,1,7,857357,1625672,4,4
1180,12019,1,7,857357,1625672,4,4
1181,12431,2,6,857357,1625672,3,5
1182,11807,2,6,857357,1625672,4,4
1183,11007,2,6,857357,1625672,3,5
1184,10883,2,6,857357,1625672,2,6
1185,11593,2,6,857357,1625672,3,5
1186,12873,1,7,857357,1625672,4,4
1187,11312,1,7,857357,1625672,5,3
1188,12054,1,7,857357,1625672,4,4
1189,11418,1,7,857357,1625672,4,4
1190,12624,2,6,857357,1625672,4,4
1191,11798,1,7,857357,1625672,3,5
1192,11568,2,6,857357,1625672,4,4
1193,11887,1,7,857357,1625672,5,3
1194,12916,1,7,857357,1625672,4,4
1195,11179,1,7,857357,1625672,4,4
1196,11696,2,6,857357,1625672,4,4
1197,13759,1,7,857357,1625672,4,4
1198,13572,1,7,857357,1625672,5,3
1199,12034,2,6,857357,1625672,3,5
1200,11986,1,7,857357,1625672,4,4
1201,11679,1,7,857357,1625672,4,4
1202,11518,1,7,857357,1625672,4,4
1203,12253,1,7,857357,1625672,3,5
1204,11728,2,6,857357,1625672,4,4
1205,12029,1,7,857357,1625672,3,5
1206,11420,2,6,857357,1625672,3,5
1207,11304,2,6,857357,1625672,3,5
1208,11244,1,7,857357,1625672,4,4
1209,13967,1,7,857357,1625672,3,5
1210,11366,1,7,857357,1625672,4,4
1211,11849,1,7,857357,1625672,4,4
1212,12317,1,7,857357,1625672,4,4
1213,11544,1,7,857357,1625672,4,4
1214,11441,2,6,857357,1625672,4,4
1215,11492,2,6,857357,1625672,4,4
1216,11073,2,6,857357,1625672,3,5
1217,11632,2,6,857357,1625672,3,5
1218,10676,1,7,857357,1625672,3,5
1219,12296,2,6,857357,1625672,3,5
1220,11375,2,6,857357,1625672,4,4
1221,11039,1,7,857357,1625672,4,4
1222,12194,2,6,857357,1625672,4,4
1223,11387,1,7,857357,1625672,4,4
1224,12402,1,7,857357,1625672,4,4
1225,12908,1,7,857357,1625672,3,5
1226,11658,2,6,857357,1625672,4,4
1227,11358,1,7,857357,1625672,3,5
1228,11794,1,7,857357,1625672,3,5
1229,12166,1,7,857357,1625672,4,4
1230,11692,1,7,857357,1625672,3,5
1231,11002,1,7,857357,1625672,4,4
1232,11468,1,7,857357,1625672,4,4
1233,13708,2,6,857357,1625672,2,6
1234,11507,2,6,857357,1625672,3,5
1235,12635,1,7,857357,1625672,4,4
1236,11220,2,6,857357,1625672,3,5
1238,12115,2,6,857357,1625672,4,4
1239,11223,2,6,857357,1625672,4,4
1240,11642,1,7,857357,1625672,4,4
1241,11420,1,7,857357,1625672,4,4
1242,10594,1,7,857357,1625672,4,4
1243,13653,2,6,857357,1625672,4,4
1244,11664,2,6,857357,1625672,4,4
1245,11744,1,7,857357,1625672,4,4
1246,13449,2,6,857357,1625672,3,5
1247,11751,1,7,857357,1625672,4,4
1248,11397,1,7,857357,1625672,4,4
1249,11920,2,6,857357,1625672,2,6
1250,12093,2,6,857357,1625672,4,4
1251,13146,1,7,857357,1625672,4,4
1252,12936,1,7,857357,1625672,3,5
1253,10984,1,7,857357,1625672,4,4
1254,11794,1,7,857357,1625672,4,4
1255,12345,2,6,857357,1625672,3,5
1256,13305,2,6,857357,1625672,3,5
1257,11566,1,7,857357,1625672,3,5
1258,11722,1,7,857357,1625672,4,4
1259,11703,2,6,857357,1625672,3,5
1260,13205,2,6,857357,1625672,4,4
1261,11408,1,7,857357,1625672,5,3
1262,12155,2,6,857357,1625672,4,4
1263,12797,2,6,857357,1625672,4,4
1264,11967,1,7,857357,1625672,4,4
1265,12635,1,7,857357,1625672,3,5
1266,12564,1,7,857357,1625672,3,5
1267,11421,1,7,857357,1625672,4,4
1268,12071,2,6,857357,1625672,4,4
1269,11140,2,6,857357,1625672,2,6
1270,11479,2,6,857357,1625672,4,4
1271,12569,1,7,857357,1625672,3,5
1272,13742,1,7,857357,1625672,4,4
1273,11745,1,7,857357,1625672,4,4
1274,12056,1,7,857357,1625672,3,5
1275,12695,1,7,857357,1625672,4,4
1276,11586,2,6,857357,1625672,3,5
1277,11247,2,6,857357,1625672,4,4
1278,12184,1,7,857357,1625672,4,4
1279,11403,2,6,857357,1625672,4,4
1280,12882,1,7,857357,1625672,4,4
1281,12649,1,7,857357,1625672,5,3
1282,12112,1,7,857357,1625672,4,4
1283,11156,2,6,857357,1625672,3,5
1284,13241,2,6,857357,1625672,3,5
1285,11626,1,7,857357,1625672,4,4
1286,13554,2,6,857357,1625672,3,5
1287,11076,1,7,857357,1625672,3,5
1288,12160,1,7,857357,1625672,4,4
1289,11793,2,6,857357,1625672,3,5
1290,11229,1,7,857357,1625672,3,5
1291,11768,2,6,857357,1625672,3,5
1292,11858,2,6,857357,1625672,3,5
1293,11808,1,7,857357,1625672,4,4
1294,11851,1,7,857357,1625672,5,3
1295,11580,2,6,857357,1625672,3,5
1296,13180,1,7,857357,1625672,2,6
1297,10944,2,6,857357,1625672,4,4
1298,10848,2,6,857357,1625672,4,4
1299,12400,1,7,857357,1625672,4,4
1300,11051,2,6,857357,1625672,3,5
1301,12124,1,7,857357,1625672,4,4
1302,12980,2,6,857357,1625672,4,4
1303,12719,2,6,857357,1625672,2,6
1304,12915,1,7,857357,1625672,3,5
1305,13193,1,7,857357,1625672,4,4
1306,11298,2,6,857357,1625672,4,4
1307,11957,1,7,857357,1625672,5,3
1308,11587,1,7,857357,1625672,4,4
1309,13252,1,7,857357,1625672,3,5
1310,11302,1,7,857357,1625672,3,5
1311,11355,1,7,857357,1625672,5,3
1312,13190,1,7,857357,1625672,4,4
1313,11552,2,6,857357,1625672,3,5
1314,12671,1,7,857357,1625672,4,4
1315,11225,1,7,857357,1625672,2,6
1316,11865,2,6,857357,1625672,4,4
1317,12129,2,6,857357,1625672,2,6
1318,11478,1,7,857357,1625672,4,4
1319,10929,1,7,857357,1625672,5,3
1320,11329,1,7,857357,1625672,3,5
1321,12117,1,7,857357,1625672,4,4
1322,13261,1,7,857357,1625672,4,4
1323,12345,1,7,857357,1625672,5,3
1324,10916,2,6,857357,1625672,3,5
1325,10997,2,6,857357,1625672,4,4
1326,11755,1,7,857357,1625672,3,5
1327,11304,1,7,857357,1625672,4,4
1328,14312,1,7,857357,1625672,3,5
1329,13998,1,7,857357,1625672,4,4
1330,12632,1,7,857357,1625672,2,6
1331,11668,2,6,857357,1625672,3,5
1332,11733,2,6,857357,1625672,4,4
1333,11829,1,7,857357,1625672,3,5
1334,13254,1,7,857357,1625672,3,5
1335,11564,1,7,857357,1625672,4,4
1336,11338,1,7,857357,1625672,4,4
1337,11633,1,7,857357,1625672,5,3
1338,12493,2,6,857357,1625672,3,5
1339,12770,1,7,857357,1625672,5,3
1340,11114,2,6,857357,1625672,3,5
1341,11583,2,6,857357,1625672,5,3
1342,11959,1,7,857357,1625672,3,5
1343,11647,2,6,857357,1625672,3,5
1344,12393,2,6,857357,1625672,4,4
1345,11879,1,7,857357,1625672,4,4
1346,11538,1,7,857357,1625672,4,4
1347,11378,1,7,857357,1625672,4,4
1348,11836,2,6,857357,1625672,3,5
1349,11663,2,6,857357,1625672,3,5
1350,11362,1,7,857357,1625672,3,5
1351,13476,2,6,857357,1625672,3,5
1352,12490,1,7,857357,1625672,4,4
1353,12598,1,7,857357,1625672,4,4
1354,14992,1,7,857357,1625672,3,5
1355,11416,1,7,857357,1625672,4,4
1356,11392,1,7,857357,1625672,4,4
1357,12277,1,7,857357,1625672,3,5
1358,12617,1,7,857357,1625672,3,5
1359,11803,1,7,857357,1625672,4,4
1360,11997,1,7,857357,1625672,3,5
1361,11422,1,7,857357,1625672,4,4
1362,13265,2,6,857357,1625672,3,5
1363,11593,2,6,857357,1625672,3,5
1364,11276,1,7,857357,1625672,5,3
1365,12476,1,7,857357,1625672,4,4
1366,11596,2,6,857357,1625672,3,5
1367,11310,2,6,857357,1625672,3,5
1368,11558,2,6,857357,1625672,3,5
1369,11860,2,6,857357,1625672,2,6
1370,11869,2,6,857357,1625672,4,4
1371,12296,1,7,857357,1625672,4,4
1372,12448,1,7,857357,1625672,3,5
1373,11434,2,6,857357,1625672,4,4
1374,11105,1,7,857357,1625672,3,5
1375,12061,1,7,857357,1625672,4,4
1376,11169,2,6,857357,1625672,3,5
1377,11489,2,6,857357,1625672,3,5
1378,12789,1,7,857357,1625672,3,5
1379,13045,2,6,857357,1625672,3,5
1380,11421,1,7,857357,1625672,5,3
1381,11475,1,7,857357,1625672,4,4
1382,11380,1,7,857357,1625672,4,4
1383,11128,2,6,857357,1625672,4,4
1384,12032,2,6,857357,1625672,2,6
1385,12117,1,7,857357,1625672,5,3
1386,15974,1,7,857357,1625672,4,4
1387,11115,1,7,857357,1625672,4,4
1388,11504,2,6,857357,1625672,3,5
1389,11808,1,7,857357,1625672,4,4
1390,11467,2,6,857357,1625672,3,5
1391,12786,2,6,857357,1625672,3,5
1392,10895,2,6,857357,1625672,3,5
1393,11321,1,7,857357,1625672,4,4
1394,12045,1,7,857357,1625672,4,4
1395,12072,1,7,857357,1625672,4,4
1396,11041,1,7,857357,1625672,3,5
1397,12196,2,6,857357,1625672,4,4
1398,12042,1,7,857357,1625672,3,5
1399,11320,1,7,857357,1625672,4,4
1400,11240,1,7,857357,1625672,4,4
1401,12566,1,7,857357,1625672,3,5
1402,11804,2,6,857357,1625672,3,5
1403,11896,1,7,857357,1625672,4,4
1404,12020,1,7,857357,1625672,3,5
1405,11238,1,7,857357,1625672,5,3
1406,11239,1,7,857357,1625672,4,4
1407,11271,1,7,857357,1625672,4,4
1408,11259,2,6,857357,1625672,3,5
1409,11425,1,7,857357,1625672,5,3
1410,13397,1,7,857357,1625672,3,5
1411,12546,1,7,857357,1625672,4,4
1412,11310,1,7,857357,1625672,5,3
1413,11339,1,7,857357,1625672,4,4
1414,11550,1,7,857357,1625672,4,4
1415,11483,1,7,857357,1625672,4,4
1416,14184,1,7,857357,1625672,3,5
1417,13878,1,7,857357,1625672,4,4
1418,11088,1,7,857357,1625672,4,4
1419,12702,1,7,857357,1625672,3,5
1420,11702,2,6,857357,1625672,4,4
1421,11636,2,6,857357,1625672,3,5
1422,11368,1,7,857357,1625672,4,4
1423,11682,2,6,857357,1625672,4,4
1424,11514,2,6,857357,1625672,4,4
1425,12945,1,7,857357,1625672,3,5
1426,11836,1,7,857357,1625672,4,4
1427,12678,1,7,857357,1625672,4,4
1428,12351,1,7,857357,1625672,4,4
1429,11316,1,7,857357,1625672,4,4
1430,12576,1,7,857357,1625672,4,4
1431,11949,1,7,857357,1625672,5,3
1432,11323,2,6,857357,1625672,4,4
1433,12385,1,7,857357,1625672,3,5
1434,11739,1,7,857357,1625672,4,4
1435,12387,1,7,857357,1625672,4,4
1436,11382,2,6,857357,1625672,3,5
1437,10991,1,7,857357,1625672,4,4
1438,11792,1,7,857357,1625672,3,5
1439,11911,1,7,857357,1625672,5,3
1440,12577,1,7,857357,1625672,4,4
1441,15248,1,7,857357,1625672,4,4
1442,14261,1,7,857357,1625672,3,5
1443,10904,1,7,857357,1625672,4,4
1444,12430,2,6,857357,1625672,3,5
1445,10862,2,6,857357,1625672,3,5
1446,11727,1,7,857357,1625672,4,4
1447,11455,1,7,857357,1625672,5,3
1448,11629,1,7,857357,1625672,5,3
1449,11884,1,7,857357,1625672,4,4
1450,11321,1,7,857357,1625672,4,4
1451,11220,1,7,857357,1625672,4,4
1452,12510,1,7,857357,1625672,3,5
1453,11553,2,6,857357,1625672,4,4
1454,12610,1,7,857357,1625672,5,3
1455,12318,1,7,857357,1625672,4,4
1456,11381,2,6,857357,1625672,4,4
1457,12110,1,7,857357,1625672,3,5
1458,12904,1,7,857357,1625672,4,4
1459,11432,1,7,857357,1625672,4,4
1460,11392,2,6,857357,1625672,3,5
1461,12225,2,6,857357,1625672,3,5
1462,11758,2,6,857357,1625672,3,5
1463,13338,1,7,857357,1625672,4,4
1464,11161,2,6,857357,1625672,3,5
1465,12457,1,7,857357,1625672,4,4
1466,12038,2,6,857357,1625672,3,5
1467,11735,1,7,857357,1625672,3,5
1468,11038,2,6,857357,1625672,4,4
1469,12034,2,6,857357,1625672,3,5
1470,11031,2,6,857357,1625672,4,4
1471,11657,2,6,857357,1625672,4,4
1472,11183,2,6,857357,1625672,4,4
1473,11500,1,7,857357,1625672,4,4
1474,11074,1,7,857357,1625672,3,5
1475,12365,1,7,857357,1625672,3,5
1476,11085,1,7,857357,1625672,4,4
1477,11751,1,7,857357,1625672,4,4
1478,11594,1,7,857357,1625672,3,5
1479,11495,1,7,857357,1625672,3,5
1480,12039,1,7,857357,1625672,4,4
1481,11066,2,6,857357,1625672,4,4
1482,12444,1,7,857357,1625672,5,3
1483,11326,1,7,857357,1625672,3,5
1484,11228,2,6,857357,1625672,3,5
1485,11412,2,6,857357,1625672,4,4
1486,11166,2,6,857357,1625672,4,4
1487,11056,1,7,857357,1625672,4,4
1488,12478,2,6,857357,1625672,4,4
1489,11248,2,6,857357,1625672,4,4
1490,11972,2,6,857357,1625672,4,4
1491,12246,2,6,857357,1625672,4,4
1492,12088,1,7,857357,1625672,5,3
1493,12284,2,6,857357,1625672,5,3
1494,11183,1,7,857357,1625672,4,4
1495,11744,2,6,857357,1625672,3,5
1496,11681,1,7,857357,1625672,4,4
1497,11943,1,7,857357,1625672,4,4
1498,11916,1,7,857357,1625672,4,4
1499,11607,1,7,857357,1625672,4,4
1500,11177,1,7,857357,1625672,4,4
1501,11868,2,6,857357,1625672,2,6
1502,11419,1,7,857357,1625672,4,4
1503,10497,2,6,857357,1625672,4,4
1504,11440,1,7,857357,1625672,3,5
1505,11293,2,6,857357,1625672,4,4
1506,12334,2,6,857357,1625672,4,4
1507,11041,2,6,857357,1625672,3,5
1508,11637,1,7,857357,1625672,4,4
1509,12488,1,7,857357,1625672,4,4
1510,11897,1,7,857357,1625672,5,3
1511,11613,2,6,857357,1625672,3,5
1512,11433,1,7,857357,1625672,5,3
1513,11990,2,6,857357,1625672,4,4
1514,12303,2,6,857357,1625672,4,4
1515,11697,2,6,857357,1625672,2,6
1516,12144,1,7,857357,1625672,3,5
1517,11167,1,7,857357,1625672,4,4
1518,11937,1,7,857357,1625672,4,4
1519,11023,1,7,857357,1625672,3,5
1520,12304,2,6,857357,1625672,2,6
1521,11347,2,6,857357,1625672,4,4
1523,11632,2,6,857357,1625672,3,5
1524,11575,1,7,857357,1625672,3,5
1525,12075,1,7,857357,1625672,5,3
1526,12009,1,7,857357,1625672,4,4
1527,11271,1,7,857357,1625672,4,4
1528,11281,2,6,857357,1625672,3,5
1529,12595,2,6,857357,1625672,3,5
1531,11053,2,6,857357,1625672,4,4
1532,11584,2,6,857357,1625672,3,5
1533,11795,2,6,857357,1625672,3,5
1534,12271,1,7,857357,1625672,4,4
1535,12298,2,6,857357,1625672,3,5
1536,13095,2,6,857357,1625672,3,5
1537,12171,1,7,857357,1625672,3,5
1539,12195,1,7,857357,1625672,4,4
1540,11864,2,6,857357,1625672,4,4
1542,13541,1,7,857357,1625672,4,4
1543,12009,1,7,857357,1625672,4,4
1544,12348,2,6,857357,1625672,3,5
1545,11770,1,7,857357,1625672,3,5
1547,11267,2,6,857357,1625672,4,4
1548,11146,1,7,857357,1625672,4,4
1550,12452,1,7,857357,1625672,4,4
1551,10997,2,6,857357,1625672,3,5
1552,12106,1,7,857357,1625672,4,4
1553,12184,1,7,857357,1625672,3,5
1555,11529,2,6,857357,1625672,3,5
1556,11422,1,7,857357,1625672,4,4
1558,12759,2,6,857357,1625672,3,5
1559,11159,2,6,857357,1625672,3,5
1560,11108,2,6,857357,1625672,4,4
1561,11442,2,6,857357,1625672,4,4
1563,10768,2,6,857357,1625672,3,5
1564,11575,2,6,857357,1625672,4,4
1566,11004,2,6,857357,1625672,3,5
1567,11054,2,6,857357,1625672,3,5
1568,11705,2,6,857357,1625672,4,4
1569,11459,1,7,857357,1625672,4,4
1571,13091,1,7,857357,1625672,4,4
1572,13143,1,7,857357,1625672,4,4
1574,11650,1,7,857357,1625672,4,4
1575,11357,2,6,857357,1625672,4,4
1576,10876,2,6,857357,1625672,4,4
1577,12704,2,6,857357,1625672,3,5
1579,10914,1,7,857357,1625672,4,4
1580,12359,2,6,857357,1625672,3,5
1582,11485,1,7,857357,1625672,4,4
1583,11385,1,7,857357,1625672,4,4
1584,12302,1,7,857357,1625672,4,4
1585,11719,1,7,857357,1625672,4,4
1587,12263,1,7,857357,1625672,3,5
1588,13454,1,7,857357,1625672,3,5
1590,11914,1,7,857357,1625672,4,4
1591,11056,2,6,857357,1625672,3,5
1592,11233,2,6,857357,1625672,4,4
1593,11817,1,7,857357,1625672,4,4
1596,13522,1,7,857357,1625672,3,5
1598,13319,1,7,857357,1625672,3,5
1599,11245,1,7,857357,1625672,4,4
1600,11903,2,6,857357,1625672,3,5
1601,12063,1,7,857357,1625672,4,4
1604,12778,1,7,857357,1625672,4,4
1606,11687,2,6,857357,1625672,3,5
1607,12655,2,6,857357,1625672,4,4
1608,12348,2,6,857357,1625672,4,4
1609,13092,1,7,857357,1625672,4,4
1612,12455,1,7,857357,1625672,4,4
1614,12145,1,7,857357,1625672,4,4
1615,12098,2,6,857357,1625672,4,4
1616,12061,1,7,857357,1625672,5,3
1617,13192,1,7,857357,1625672,4,4
1620,11969,1,7,857357,1625672,3,5
1622,11967,2,6,857357,1625672,4,4
1623,11288,1,7,857357,1625672,4,4
1624,11358,1,7,857357,1625672,4,4
1625,11877,2,6,857357,1625672,4,4
1628,12461,2,6,857357,1625672,3,5
1630,10864,1,7,857357,1625672,4,4
1631,11192,1,7,857357,1625672,4,4
1632,10997,2,6,857357,1625672,4,4
1633,11802,1,7,857357,1625672,3,5
1636,12414,1,7,857357,1625672,3,5
1638,11083,1,7,857357,1625672,5,3
1639,13245,1,7,857357,1625672,3,5
1640,12029,1,7,857357,1625672,4,4
1641,11652,1,7,857357,1625672,5,3
1644,12714,2,6,857357,1625672,4,4
1646,11339,2,6,857357,1625672,4,4
1647,11474,1,7,857357,1625672,4,4
1648,11804,1,7,857357,1625672,4,4
1649,11421,1,7,857357,1625672,4,4
1652,12125,2,6,857357,1625672,4,4
1654,12253,1,7,857357,1625672,3,5
1655,13314,2,6,857357,1625672,3,5
1656,12908,2,6,857357,1625672,3,5
1657,12966,2,6,857357,1625672,3,5
1660,11149,1,7,857357,1625672,4,4
1662,11136,1,7,857357,1625672,4,4
1663,11664,2,6,857357,1625672,4,4
1664,10882,1,7,857357,1625672,4,4
1665,10832,2,6,857357,1625672,3,5
1668,11937,2,6,857357,1625672,3,5
1670,12123,2,6,857357,1625672,4,4
1671,13569,2,6,857357,1625672,2,6
1672,13139,1,7,857357,1625672,4,4
1673,11327,2,6,857357,1625672,3,5
1676,11321,2,6,857357,1625672,4,4
1678,12267,2,6,857357,1625672,4,4
1679,13891,1,7,857357,1625672,5,3
1681,12762,2,6,857357,1625672,3,5
1684,11697,1,7,857357,1625672,4,4
1686,13066,1,7,857357,1625672,3,5
1687,11581,2,6,857357,1625672,3,5
1689,11847,2,6,857357,1625672,3,5
1692,11414,2,6,857357,1625672,2,6
1694,11236,2,6,857357,1625672,3,5
1695,10977,1,7,857357,1625672,3,5
1697,12058,1,7,857357,1625672,4,4
1700,14235,1,7,857357,1625672,3,5
1702,12018,2,6,857357,1625672,4,4
1703,12465,1,7,857357,1625672,4,4
1705,11312,1,7,857357,1625672,4,4
1708,11001,1,7,857357,1625672,4,4
1710,11452,2,6,857357,1625672,3,5
1711,11667,1,7,857357,1625672,4,4
1713,13347,1,7,857357,1625672,3,5
1716,11009,2,6,857357,1625672,4,4
1718,14124,2,6,857357,1625672,3,5
1719,12026,2,6,857357,1625672,3,5
1721,11898,1,7,857357,1625672,5,3
1724,11860,1,7,857357,1625672,4,4
1726,11799,1,7,857357,1625672,4,4
1727,12043,1,7,857357,1625672,4,4
1729,12183,2,6,857357,1625672,3,5
1732,11862,1,7,857357,1625672,4,4
1734,12106,1,7,857357,1625672,4,4
1735,12549,1,7,857357,1625672,4,4
1737,11187,1,7,857357,1625672,3,5
1740,12030,1,7,857357,1625672,4,4
1742,12484,1,7,857357,1625672,4,4
1743,12776,1,7,857357,1625672,4,4
1745,12014,2,6,857357,1625672,3,5
1748,11208,1,7,857357,1625672,4,4
1750,11388,1,7,857357,1625672,4,4
1751,11964,2,6,857357,1625672,3,5
1753,11582,2,6,857357,1625672,4,4
1756,11705,1,7,857357,1625672,5,3
1758,11145,1,7,857357,1625672,4,4
1759,12443,1,7,857357,1625672,4,4
1761,11672,1,7,857357,1625672,4,4
1764,12027,2,6,857357,1625672,4,4
1766,12163,1,7,857357,1625672,4,4
1767,12212,2,6,857357,1625672,4,4
1769,11941,1,7,857357,1625672,3,5
1772,10682,1,7,857357,1625672,4,4
1774,12253,1,7,857357,1625672,4,4
1775,13029,1,7,857357,1625672,4,4
1777,12081,1,7,857357,1625672,4,4
1780,11485,2,6,857357,1625672,4,4
1782,11140,2,6,857357,1625672,3,5
1783,12352,1,7,857357,1625672,4,4
1785,14566,1,7,857357,1625672,2,6
1788,11656,1,7,857357,1625672,4,4
1790,13099,1,7,857357,1625672,4,4
1791,12234,1,7,857357,1625672,4,4
1793,11139,1,7,857357,1625672,3,5
1796,13140,1,7,857357,1625672,3,5
1798,11077,2,6,857357,1625672,3,5
1799,11436,1,7,857357,1625672,5,3
1804,11222,2,6,857357,1625672,4,4
1806,12749,2,6,857357,1625672,4,4
1807,11184,2,6,857357,1625672,3,5
1812,10884,2,6,857357,1625672,4,4
1814,11292,1,7,857357,1625672,4,4
1815,11291,2,6,857357,1625672,4,4
1820,11321,1,7,857357,1625672,4,4
1822,11910,1,7,857357,1625672,4,4
1823,11942,1,7,857357,1625672,4,4
1828,12049,2,6,857357,1625672,2,6
1830,12923,1,7,857357,1625672,4,4
1831,11458,1,7,857357,1625672,4,4
1836,11106,1,7,857357,1625672,4,4
1838,11595,2,6,857357,1625672,2,6
1839,12834,1,7,857357,1625672,3,5
1844,11697,2,6,857357,1625672,3,5
1846,10961,1,7,857357,1625672,3,5
1847,11886,2,6,857357,1625672,3,5
1852,11072,2,6,857357,1625672,4,4
1854,12908,2,6,857357,1625672,2,6
1855,10980,1,7,857357,1625672,4,4
1860,12651,2,6,857357,1625672,3,5
1862,12348,2,6,857357,1625672,3,5
1863,11884,1,7,857357,1625672,4,4
1868,12985,1,7,857357,1625672,3,5
1870,11377,1,7,857357,1625672,4,4
1871,11345,2,6,857357,1625672,4,4
1876,13007,1,7,857357,1625672,4,4
1878,13207,1,7,857357,1625672,4,4
1879,12100,2,6,857357,1625672,4,4
1884,14404,1,7,857357,1625672,4,4
1886,10904,1,7,857357,1625672,4,4
1887,13930,1,7,857357,1625672,5,3
1894,10754,1,7,857357,1625672,4,4
1895,12344,2,6,857357,1625672,2,6
1902,12062,2,6,857357,1625672,3,5
1903,11297,2,6,857357,1625672,4,4
1910,13131,2,6,857357,1625672,4,4
1911,11171,2,6,857357,1625672,4,4
1918,11302,2,6,857357,1625672,4,4
1919,11313,2,6,857357,1625672,3,5
1926,12661,2,6,857357,1625672,4,4
1927,12869,1,7,857357,1625672,4,4
1934,10851,1,7,857357,1625672,3,5
1935,12157,1,7,857357,1625672,4,4
1942,10896,1,7,857357,1625672,4,4
1943,11152,1,7,857357,1625672,4,4
1950,12137,1,7,857357,1625672,4,4
1951,11318,1,7,857357,1625672,4,4
1958,12002,1,7,857357,1625672,4,4
1959,11488,2,6,857357,1625672,4,4
1966,11933,1,7,857357,1625672,5,3
1967,12129,1,7,857357,1625672,3,5
1974,11340,2,6,857357,1625672,4,4
1975,11739,2,6,857357,1625672,4,4
1982,12555,1,7,857357,1625672,4,4
1983,11236,1,7,857357,1625672,4,4
1990,11589,1,7,857357,1625672,3,5
1991,11258,1,7,857357,1625672,3,5
1998,11565,1,7,857357,1625672,3,5
1999,11922,2,6,857357,1625672,4,4
2006,10831,2,6,857357,1625672,3,5
2007,11415,2,6,857357,1625672,3,5
2014,11221,1,7,857357,1625672,3,5
2015,11908,1,7,857357,1625672,4,4
2022,11645,2,6,857357,1625672,4,4
2023,11361,1,7,857357,1625672,4,4
2030,12514,1,7,857357,1625672,4,4
2031,11543,1,7,857357,1625672,3,5
2038,11185,1,7,857357,1625672,4,4
2039,11555,1,7,857357,1625672,3,5
2046,13241,1,7,857357,1625672,4,4
2047,12163,2,6,857357,1625672,3,5
2054,12462,2,6,857357,1625672,4,4
2055,12315,1,7,857357,1625672,4,4
2062,11253,1,7,857357,1625672,4,4
2063,12061,2,6,857357,1625672,3,5
2070,12816,1,7,857357,1625672,3,5
2071,12516,1,7,857357,1625672,4,4
2078,11596,2,6,857357,1625672,4,4
2079,13148,2,6,857357,1625672,3,5
2086,11492,2,6,857357,1625672,4,4
2087,12199,2,6,857357,1625672,4,4
2094,11533,1,7,857357,1625672,4,4
2095,11037,2,6,857357,1625672,3,5
2102,11020,1,7,857357,1625672,4,4
2103,13683,2,6,857357,1625672,3,5
2110,11170,1,7,857357,1625672,3,5
2111,12698,2,6,857357,1625672,4,4
2118,11243,1,7,857357,1625672,4,4
2119,11587,2,6,857357,1625672,3,5
2126,12661,1,7,857357,1625672,4,4
2127,11670,2,6,857357,1625672,3,5
2134,12337,2,6,857357,1625672,4,4
2135,11351,1,7,857357,1625672,4,4
2142,12242,1,7,857357,1625672,4,4
2143,11613,2,6,857357,1625672,4,4
2150,11934,1,7,857357,1625672,4,4
2151,12019,1,7,857357,1625672,4,4
2158,11277,1,7,857357,1625672,4,4
2159,12259,2,6,857357,1625672,3,5
2166,11211,1,7,857357,1625672,3,5
2167,11168,1,7,857357,1625672,4,4
2174,12142,1,7,857357,1625672,4,4
2175,11760,1,7,857357,1625672,4,4
2182,13756,1,7,857357,1625672,2,6
2183,11195,2,6,857357,1625672,4,4
2190,13204,1,7,857357,1625672,2,6
2191,10920,2,6,857357,1625672,4,4
2198,11802,2,6,857357,1625672,4,4
2199,11924,2,6,857357,1625672,4,4
3000,12766,1,7,857357,1625672,5,3
3001,13051,1,7,857357,1625672,4,4
3002,11473,2,6,857357,1625672,3,5
3003,11047,1,7,857357,1625672,4,4
3004,12547,2,6,857357,1625672,3,5
3005,10729,1,7,857357,1625672,4,4
3006,11283,1,7,857357,1625672,4,4
3007,13038,2,6,857357,1625672,4,4
3008,11630,1,7,857357,1625672,5,3
3009,11507,2,6,857357,1625672,3,5
3010,11530,2,6,857357,1625672,4,4
3011,12281,2,6,857357,1625672,4,4
3012,11228,2,6,857357,1625672,3,5
3013,12164,1,7,857357,1625672,3,5
3014,11140,2,6,857357,1625672,2,6
3015,11244,1,7,857357,1625672,4,4
3016,11135,1,7,857357,1625672,5,3
3017,12028,1,7,857357,1625672,4,4
3018,11167,1,7,857357,1625672,4,4
3019,11858,1,7,857357,1625672,4,4
3020,11754,1,7,857357,1625672,4,4
3021,11927,1,7,857357,1625672,4,4
3022,11612,2,6,857357,1625672,4,4
3023,11344,2,6,857357,1625672,4,4
3024,11793,2,6,857357,1625672,3,5
3025,11352,2,6,857357,1625672,2,6
3026,12347,1,7,857357,1625672,4,4
3027,12557,1,7,857357,1625672,4,4
3028,12212,1,7,857357,1625672,5,3
3029,11306,1,7,857357,1625672,4,4
3030,11315,2,6,857357,1625672,3,5
3031,12281,1,7,857357,1625672,4,4
3032,12315,1,7,857357,1625672,4,4
3033,12587,1,7,857357,1625672,2,6
3034,13068,1,7,857357,1625672,2,6
3035,11571,1,7,857357,1625672,4,4
3036,13600,2,6,857357,1625672,3,5
3037,11527,2,6,857357,1625672,3,5
3038,11676,1,7,857357,1625672,5,3
3040,12701,2,6,857357,1625672,3,5
3041,11831,1,7,857357,1625672,3,5
3042,11848,2,6,857357,1625672,4,4
3043,12977,1,7,857357,1625672,5,3
3044,11254,1,7,857357,1625672,4,4
3045,11654,2,6,857357,1625672,3,5
3046,12731,1,7,857357,1625672,4,4
3048,11297,2,6,857357,1625672,3,5
3049,11160,2,6,857357,1625672,4,4
3050,11663,2,6,857357,1625672,3,5
3051,10966,2,6,857357,1625672,3,5
3052,11585,2,6,857357,1625672,4,4
3053,13081,1,7,857357,1625672,4,4
3054,13581,2,6,857357,1625672,4,4
3056,11251,2,6,857357,1625672,3,5
3057,12266,1,7,857357,1625672,4,4
3058,12030,2,6,857357,1625672,3,5
3059,12076,1,7,857357,1625672,3,5
3060,12797,1,7,857357,1625672,4,4
3061,11298,2,6,857357,1625672,4,4
3062,11824,1,7,857357,1625672,4,4
3064,11534,1,7,857357,1625672,4,4
3065,12064,2,6,857357,1625672,4,4
3066,11094,1,7,857357,1625672,4,4
3067,12360,1,7,857357,1625672,4,4
3068,10941,2,6,857357,1625672,3,5
3069,11069,1,7,857357,1625672,4,4
3070,11380,2,6,857357,1625672,3,5
3072,11683,1,7,857357,1625672,4,4
3073,11405,2,6,857357,1625672,4,4
3074,11171,1,7,857357,1625672,5,3
3075,12928,1,7,857357,1625672,4,4
3076,11478,2,6,857357,1625672,3,5
3077,12640,2,6,857357,1625672,4,4
3078,12903,1,7,857357,1625672,4,4
3080,11473,2,6,857357,1625672,3,5
3081,11556,1,7,857357,1625672,4,4
3082,12374,2,6,857357,1625672,3,5
3083,11445,1,7,857357,1625672,4,4
3085,13158,2,6,857357,1625672,4,4
3086,10874,1,7,857357,1625672,5,3
3088,11833,1,7,857357,1625672,4,4
3089,10700,1,7,857357,1625672,4,4
3090,13073,2,6,857357,1625672,3,5
3091,11271,1,7,857357,1625672,4,4
3093,12077,2,6,857357,1625672,3,5
3094,11739,2,6,857357,1625672,3,5
3096,12780,1,7,857357,1625672,4,4
3097,11588,1,7,857357,1625672,4,4
3098,12767,2,6,857357,1625672,3,5
3099,11793,1,7,857357,1625672,5,3
3101,11810,1,7,857357,1625672,5,3
3102,11383,2,6,857357,1625672,4,4
3104,11467,1,7,857357,1625672,4,4
3105,11042,2,6,857357,1625672,4,4
3106,11408,2,6,857357,1625672,3,5
3107,11262,2,6,857357,1625672,3,5
3109,12022,2,6,857357,1625672,4,4
3110,12261,1,7,857357,1625672,3,5
3112,12370,1,7,857357,1625672,4,4
3113,11443,2,6,857357,1625672,2,6
3114,11106,2,6,857357,1625672,3,5
3115,11556,2,6,857357,1625672,4,4
3117,12561,1,7,857357,1625672,5,3
3118,12045,1,7,857357,1625672,4,4
3120,10948,2,6,857357,1625672,4,4
3121,12378,1,7,857357,1625672,4,4
3122,12498,2,6,857357,1625672,3,5
3123,10961,1,7,857357,1625672,4,4
3125,11758,1,7,857357,1625672,4,4
3126,13265,2,6,857357,1625672,2,6
3128,12045,1,7,857357,1625672,3,5
3129,14102,1,7,857357,1625672,4,4
3130,10922,1,7,857357,1625672,4,4
3131,10941,1,7,857357,1625672,4,4
3134,13345,2,6,857357,1625672,2,6
3136,11707,1,7,857357,1625672,3,5
3137,11371,1,7,857357,1625672,3,5
3138,11189,2,6,857357,1625672,3,5
3139,11842,2,6,857357,1625672,2,6
3142,11559,1,7,857357,1625672,4,4
3144,11257,1,7,857357,1625672,4,4
3145,11693,1,7,857357,1625672,4,4
3146,11130,2,6,857357,1625672,4,4
3147,13026,2,6,857357,1625672,3,5
3150,11194,1,7,857357,1625672,4,4
3152,13148,2,6,857357,1625672,3,5
3153,11361,2,6,857357,1625672,4,4
3154,11733,1,7,857357,1625672,3,5
3155,11973,1,7,857357,1625672,5,3
3158,11587,1,7,857357,1625672,4,4
3160,12592,1,7,857357,1625672,3,5
3161,11029,2,6,857357,1625672,4,4
3162,11831,1,7,857357,1625672,4,4
3163,11545,1,7,857357,1625672,4,4
3166,11794,1,7,857357,1625672,4,4
3168,11980,2,6,857357,1625672,4,4
3169,11821,1,7,857357,1625672,4,4
3170,11848,1,7,857357,1625672,5,3
3171,11538,1,7,857357,1625672,4,4
3174,12933,2,6,857357,1625672,3,5
3176,12137,1,7,857357,1625672,4,4
3177,11880,1,7,857357,1625672,4,4
3178,11447,1,7,857357,1625672,5,3
3179,11610,2,6,857357,1625672,3,5
3182,11787,2,6,857357,1625672,4,4
3184,11697,1,7,857357,1625672,4,4
3185,11531,2,6,857357,1625672,4,4
3186,10620,2,6,857357,1625672,3,5
3187,12225,1,7,857357,1625672,4,4
3190,11148,1,7,857357,1625672,4,4
3192,11494,2,6,857357,1625672,2,6
3194,11780,1,7,857357,1625672,5,3
3195,13050,1,7,857357,1625672,4,4
3198,11112,1,7,857357,1625672,5,3
3200,12045,1,7,857357,1625672,4,4
3202,13374,2,6,857357,1625672,3,5
3203,13544,1,7,857357,1625672,4,4
3206,11314,1,7,857357,1625672,4,4
3208,11112,1,7,857357,1625672,4,4
3210,12309,1,7,857357,1625672,4,4
3211,11880,1,7,857357,1625672,3,5
3214,11938,2,6,857357,1625672,4,4
3216,12043,2,6,857357,1625672,3,5
3218,13611,1,7,857357,1625672,2,6
3219,11498,2,6,857357,1625672,3,5
3222,11825,2,6,857357,1625672,4,4
3224,11759,1,7,857357,1625672,3,5
3226,11120,1,7,857357,1625672,5,3
3227,12168,2,6,857357,1625672,4,4
3230,11760,1,7,857357,1625672,5,3
3232,11295,2,6,857357,1625672,4,4
3234,11341,2,6,857357,1625672,3,5
3235,12113,1,7,857357,1625672,5,3
3238,11617,2,6,857357,1625672,3,5
3242,11624,1,7,857357,1625672,4,4
3243,11701,2,6,857357,1625672,3,5
3246,11580,2,6,857357,1625672,4,4
3250,11221,2,6,857357,1625672,3,5
3251,13005,1,7,857357,1625672,4,4
3254,12130,2,6,857357,1625672,4,4
3258,12737,2,6,857357,1625672,3,5
3259,10619,2,6,857357,1625672,3,5
3262,11620,1,7,857357,1625672,4,4
3266,12047,1,7,857357,1625672,4,4
3267,12589,2,6,857357,1625672,3,5
3270,11371,1,7,857357,1625672,4,4
3274,11029,2,6,857357,1625672,5,3
3275,11623,1,7,857357,1625672,4,4
3278,12335,1,7,857357,1625672,3,5
3282,11186,1,7,857357,1625672,3,5
3283,11748,2,6,857357,1625672,4,4
3286,12703,1,7,857357,1625672,3,5
3290,11479,1,7,857357,1625672,4,4
3291,11918,1,7,857357,1625672,4,4
3294,11995,1,7,857357,1625672,4,4
3298,11497,1,7,857357,1625672,4,4
3299,13670,2,6,857357,1625672,4,4
3302,12601,1,7,857357,1625672,4,4
3306,12791,2,6,857357,1625672,3,5
3307,12643,2,6,857357,1625672,4,4
3310,10737,2,6,857357,1625672,4,4
3314,12346,1,7,857357,1625672,3,5
3315,12391,2,6,857357,1625672,3,5
3318,13396,2,6,857357,1625672,4,4
3322,15430,1,7,857357,1625672,4,4
3323,12033,1,7,857357,1625672,3,5
3330,11923,1,7,857357,1625672,4,4
3331,13430,1,7,857357,1625672,4,4
3338,13187,2,6,857357,1625672,3,5
3339,11995,2,6,857357,1625672,4,4
3346,11222,1,7,857357,1625672,4,4
3347,11837,1,7,857357,1625672,4,4
3354,14535,2,6,857357,1625672,3,5
3355,13384,1,7,857357,1625672,4,4
3362,11937,1,7,857357,1625672,4,4
3363,12907,2,6,857357,1625672,3,5
3370,11703,1,7,857357,1625672,4,4
3371,10768,2,6,857357,1625672,4,4
3378,14167,1,7,857357,1625672,4,4
3379,11052,1,7,857357,1625672,3,5
3386,11318,1,7,857357,1625672,4,4
3394,10780,1,7,857357,1625672,4,4
3402,12491,2,6,857357,1625672,4,4
3410,11652,1,7,857357,1625672,4,4
