Simulation,TGS,repWin,demWin,repVote,demVote,bipartisanR,bipartisanD,Declination
-1,18284,1,7,857357,1625672,3,5,-0.5155815194817939
1000,12661,1,7,857357,1625672,3,5,-0.4872434078688661
1001,12457,1,7,857357,1625672,4,4,-0.48498147933947994
1002,10697,2,6,857357,1625672,3,5,-0.024391754522349523
1003,10946,2,6,857357,1625672,4,4,-0.04291332504039715
1004,10932,2,6,857357,1625672,3,5,-0.028659428944526975
1005,12989,1,7,857357,1625672,4,4,-0.24376412857922056
1006,11479,1,7,857357,1625672,4,4,-0.47062780838509133
1007,11832,2,6,857357,1625672,4,4,-0.03180399597364856
1008,12194,1,7,857357,1625672,4,4,-0.4850238018157282
1009,11394,2,6,857357,1625672,3,5,-0.05207554824388689
1010,11473,1,7,857357,1625672,3,5,-0.4827330051520185
1011,11511,2,6,857357,1625672,3,5,-0.05310698826344622
1012,10766,2,6,857357,1625672,3,5,-0.05737905518376582
1013,12260,1,7,857357,1625672,3,5,-0.48955009584120956
1014,11038,2,6,857357,1625672,4,4,0.07988385245922762
1015,12121,1,7,857357,1625672,4,4,-0.4587490406995991
1016,11559,1,7,857357,1625672,4,4,-0.46395921230845955
1017,12629,1,7,857357,1625672,4,4,-0.4875508567815999
1018,11672,2,6,857357,1625672,3,5,-0.014874064104874667
1019,12090,1,7,857357,1625672,4,4,-0.47484384424584125
1020,11760,1,7,857357,1625672,5,3,-0.4882020793625975
1021,12738,2,6,857357,1625672,2,6,-0.0573667420981379
1022,11079,1,7,857357,1625672,4,4,-0.4747497582422657
1023,12559,2,6,857357,1625672,3,5,0.010132278264885922
1024,11847,2,6,857357,1625672,3,5,-0.06377232261539961
1025,11629,1,7,857357,1625672,3,5,-0.4865644404239341
1026,11294,1,7,857357,1625672,4,4,-0.49123344226019877
1027,11526,1,7,857357,1625672,4,4,-0.48455913721718585
1028,11738,1,7,857357,1625672,4,4,-0.48357667207378124
1029,13446,2,6,857357,1625672,3,5,0.02909818686490465
1030,12271,2,6,857357,1625672,3,5,-0.029761938484784378
1031,12321,1,7,857357,1625672,4,4,-0.4588422572605971
1032,11589,2,6,857357,1625672,3,5,-0.08863413797165241
1033,11476,2,6,857357,1625672,3,5,-0.06923917287663528
1034,12439,1,7,857357,1625672,4,4,-0.4376385585561089
1035,11098,2,6,857357,1625672,3,5,-0.05420695412057248
1036,12469,1,7,857357,1625672,4,4,-0.4294969449499337
1037,12558,2,6,857357,1625672,3,5,-0.06269335073549671
1038,11812,2,6,857357,1625672,3,5,-0.03786428771268715
1039,12073,1,7,857357,1625672,4,4,-0.48124199877703755
1040,12550,1,7,857357,1625672,4,4,-0.4635161842666507
1041,12114,1,7,857357,1625672,4,4,-0.4828440670618558
1042,12112,2,6,857357,1625672,3,5,-0.061937947158121336
1043,11878,1,7,857357,1625672,4,4,-0.3003224650667568
1044,13003,2,6,857357,1625672,3,5,-0.008673815542444625
1045,12187,1,7,857357,1625672,3,5,-0.4876453202395483
1046,11936,1,7,857357,1625672,4,4,-0.4789825313852899
1047,12138,2,6,857357,1625672,3,5,-0.012394487959578987
1048,10922,2,6,857357,1625672,3,5,-0.022476554473458053
1049,11972,1,7,857357,1625672,4,4,-0.48219827050604586
1050,10971,2,6,857357,1625672,3,5,-0.03491600950278372
1051,11148,1,7,857357,1625672,3,5,-0.4826490295668344
1052,13091,1,7,857357,1625672,4,4,-0.43167275268532956
1053,13819,1,7,857357,1625672,3,5,-0.48525568254231644
1054,12440,2,6,857357,1625672,2,6,0.012621032493810152
1055,11037,2,6,857357,1625672,3,5,-0.04941764865381854
1056,11620,1,7,857357,1625672,4,4,-0.4839246028278149
1057,12641,2,6,857357,1625672,4,4,0.01630163620441174
1058,11791,1,7,857357,1625672,3,5,-0.4801999484714205
1059,10849,1,7,857357,1625672,4,4,-0.48348098696348235
1060,11794,1,7,857357,1625672,4,4,-0.43912106078098306
1061,12678,2,6,857357,1625672,4,4,-0.043808831935112924
1062,12557,1,7,857357,1625672,4,4,-0.45715447961916333
1063,12037,2,6,857357,1625672,4,4,0.002738385749936951
1064,10957,2,6,857357,1625672,4,4,-0.0551528481781054
1065,12256,1,7,857357,1625672,3,5,-0.39521190429158626
1066,12077,2,6,857357,1625672,3,5,0.011088435636111229
1067,13178,1,7,857357,1625672,4,4,-0.4822182764302438
1068,11672,2,6,857357,1625672,3,5,-0.01506454019468917
1069,11292,2,6,857357,1625672,3,5,-0.08959462900686796
1070,11321,1,7,857357,1625672,5,3,-0.48595076127907116
1071,11257,2,6,857357,1625672,4,4,-0.022586956189187903
1072,12125,1,7,857357,1625672,4,4,-0.47671979709184925
1073,11094,2,6,857357,1625672,4,4,-0.019907446340926435
1074,11860,1,7,857357,1625672,4,4,-0.46110463104368904
1075,11462,1,7,857357,1625672,4,4,-0.4704007887022317
1076,11700,2,6,857357,1625672,3,5,-0.043928455880597655
1077,11712,1,7,857357,1625672,3,5,-0.4875444092567347
1078,11120,1,7,857357,1625672,3,5,-0.4558442387670555
1079,14494,1,7,857357,1625672,4,4,-0.4800884334371366
1080,12379,2,6,857357,1625672,3,5,0.014298358686553362
1081,11890,2,6,857357,1625672,4,4,-0.044403489027007026
1082,11716,1,7,857357,1625672,5,3,-0.48381053011220276
1083,12980,1,7,857357,1625672,4,4,-0.46112720796526546
1084,11761,1,7,857357,1625672,3,5,-0.4793980871771373
1085,12033,2,6,857357,1625672,3,5,-0.009983188762794233
1086,11321,1,7,857357,1625672,4,4,-0.43470488272107394
1087,11631,1,7,857357,1625672,4,4,-0.48457637858072167
1088,12569,1,7,857357,1625672,4,4,-0.46611427575522146
1089,13371,2,6,857357,1625672,3,5,0.008374381065114801
1090,12035,2,6,857357,1625672,3,5,-0.006039115751624067
1091,11230,2,6,857357,1625672,3,5,-0.00929600554452566
1092,11014,1,7,857357,1625672,4,4,-0.4847575581996592
1093,11104,1,7,857357,1625672,4,4,-0.4851746535171993
1094,11176,1,7,857357,1625672,4,4,-0.48793389969261364
1095,11083,1,7,857357,1625672,3,5,-0.4679795153625975
1096,13026,2,6,857357,1625672,3,5,0.00545464883240141
1097,11890,2,6,857357,1625672,3,5,-0.04770550017406732
1098,11396,1,7,857357,1625672,3,5,-0.48523662764393344
1099,12195,2,6,857357,1625672,3,5,0.009335768629020719
1100,11729,2,6,857357,1625672,3,5,-0.08005345700544512
1101,11290,2,6,857357,1625672,3,5,-0.07326790788445461
1102,11594,1,7,857357,1625672,5,3,-0.49146227410911486
1103,12595,1,7,857357,1625672,4,4,-0.4651754404828781
1104,11448,1,7,857357,1625672,4,4,-0.47792030044532074
1105,11639,1,7,857357,1625672,3,5,-0.48598025050687654
1106,12647,2,6,857357,1625672,4,4,-0.012905652733191096
1107,12321,1,7,857357,1625672,5,3,-0.48583556401350164
1108,14239,1,7,857357,1625672,3,5,-0.47144965636522723
1109,11674,1,7,857357,1625672,4,4,-0.46505766641624313
1110,10750,2,6,857357,1625672,3,5,-0.049913580786925364
1111,12112,2,6,857357,1625672,2,6,-0.05117531338250363
1112,11729,1,7,857357,1625672,4,4,-0.4724895898559144
1113,11732,2,6,857357,1625672,4,4,0.019488703837968177
1114,14010,2,6,857357,1625672,2,6,-0.013864889192492694
1116,11769,2,6,857357,1625672,4,4,0.04896126066768752
1117,15028,2,6,857357,1625672,2,6,-0.03772598722319576
1118,11631,2,6,857357,1625672,4,4,-0.009645705120162535
1119,11914,1,7,857357,1625672,4,4,-0.4779411909367589
1120,12449,2,6,857357,1625672,4,4,-0.007886568751107806
1121,11837,1,7,857357,1625672,4,4,-0.4296990345723479
1122,12072,1,7,857357,1625672,5,3,-0.4881468603301658
1123,11141,1,7,857357,1625672,4,4,-0.48564295562640025
1124,11436,2,6,857357,1625672,3,5,-0.05313122646500429
1125,11644,1,7,857357,1625672,5,3,-0.4855609036764909
1126,11234,1,7,857357,1625672,4,4,-0.48087589693375987
1127,12247,1,7,857357,1625672,4,4,-0.46779299946782094
1128,12891,1,7,857357,1625672,4,4,-0.48169525031880644
1129,11436,1,7,857357,1625672,4,4,-0.4672594750025033
1130,12457,2,6,857357,1625672,4,4,-0.010812614449031139
1131,11669,1,7,857357,1625672,4,4,-0.4830683456273792
1132,11636,2,6,857357,1625672,3,5,-0.07385601115684236
1133,12102,2,6,857357,1625672,3,5,-0.04903690622991546
1134,10979,1,7,857357,1625672,4,4,-0.48386097887332813
1135,11315,2,6,857357,1625672,3,5,-0.03170242699935652
1136,11204,1,7,857357,1625672,4,4,-0.4855401390844613
1137,11698,2,6,857357,1625672,4,4,0.007349539324382397
1138,11268,1,7,857357,1625672,4,4,-0.4839887414389683
1139,13133,2,6,857357,1625672,3,5,-0.004934643799669461
1140,12068,2,6,857357,1625672,4,4,-0.04506306532653491
1141,12535,1,7,857357,1625672,4,4,-0.4793322319058113
1142,12759,1,7,857357,1625672,3,5,-0.48900233632785106
1143,11763,2,6,857357,1625672,3,5,-0.03373627780973933
1144,14960,1,7,857357,1625672,3,5,-0.49364819176855074
1145,12451,1,7,857357,1625672,5,3,-0.485381270199215
1146,12304,2,6,857357,1625672,3,5,0.0001314525473574076
1147,13072,2,6,857357,1625672,4,4,-0.010908626788732776
1148,11997,1,7,857357,1625672,3,5,-0.48828072639264564
1149,12021,1,7,857357,1625672,4,4,-0.4322801100708381
1150,11124,2,6,857357,1625672,3,5,-0.005737111442244804
1151,12019,1,7,857357,1625672,4,4,-0.4610420825526259
1152,12032,1,7,857357,1625672,3,5,-0.4753013385736436
1153,12678,1,7,857357,1625672,4,4,-0.4498252647329064
1154,10726,1,7,857357,1625672,4,4,-0.49682886609378174
1155,11464,1,7,857357,1625672,4,4,-0.48283372661985363
1156,12194,2,6,857357,1625672,3,5,-0.06152549976297629
1157,11605,2,6,857357,1625672,3,5,-0.07320141383367804
1158,11960,1,7,857357,1625672,4,4,-0.4796860067631563
1159,11015,2,6,857357,1625672,4,4,0.07401909653808869
1160,12244,2,6,857357,1625672,3,5,0.05386136311462316
1161,12003,2,6,857357,1625672,4,4,0.08587334871477437
1162,10762,2,6,857357,1625672,4,4,0.005363226970021461
1163,12451,2,6,857357,1625672,3,5,-0.05179005567260836
1164,11123,2,6,857357,1625672,4,4,-0.04353000135239264
1165,12167,2,6,857357,1625672,4,4,-0.020552818194810252
1166,12559,2,6,857357,1625672,4,4,-0.028852800252795328
1167,12148,2,6,857357,1625672,3,5,-0.04287970308959947
1168,13827,1,7,857357,1625672,5,3,-0.49103706739161523
1169,11049,1,7,857357,1625672,4,4,-0.4682511203636819
1170,11898,2,6,857357,1625672,4,4,-0.06678852831420168
1171,11404,1,7,857357,1625672,4,4,-0.4965463084704489
1172,11313,2,6,857357,1625672,4,4,0.004187104964646025
1173,11578,1,7,857357,1625672,4,4,-0.4814340605162889
1174,12132,1,7,857357,1625672,4,4,-0.48699230816085587
1175,10807,2,6,857357,1625672,3,5,-0.03132663330860437
1176,11287,1,7,857357,1625672,4,4,-0.484837807803127
1177,11333,1,7,857357,1625672,3,5,-0.4538442677805069
1178,11604,2,6,857357,1625672,3,5,-0.07432865945280206
1179,12141,1,7,857357,1625672,4,4,-0.4822102048411935
1180,12019,1,7,857357,1625672,4,4,-0.43089390303540515
1181,12431,2,6,857357,1625672,3,5,-0.01656001688904566
1182,11807,2,6,857357,1625672,4,4,0.10563425132345829
1183,11007,2,6,857357,1625672,3,5,-0.0511091616599928
1184,10883,2,6,857357,1625672,2,6,-0.03920176248248435
1185,11593,2,6,857357,1625672,3,5,-0.003902793497502971
1186,12873,1,7,857357,1625672,4,4,-0.47371323878787663
1187,11312,1,7,857357,1625672,5,3,-0.4890479171046904
1188,12054,1,7,857357,1625672,4,4,-0.4775953786220351
1189,11418,1,7,857357,1625672,4,4,-0.4881747982734705
1190,12624,2,6,857357,1625672,4,4,0.05504617815779407
1191,11798,1,7,857357,1625672,3,5,-0.4921062717092924
1192,11568,2,6,857357,1625672,4,4,-0.038905660248409066
1193,11887,1,7,857357,1625672,5,3,-0.46210501503990764
1194,12916,1,7,857357,1625672,4,4,-0.4880113430735433
1195,11179,1,7,857357,1625672,4,4,-0.4627848032612411
1196,11696,2,6,857357,1625672,4,4,0.03258241442673963
1197,13759,1,7,857357,1625672,4,4,-0.4787545075463461
1198,13572,1,7,857357,1625672,5,3,-0.4774701841227093
1199,12034,2,6,857357,1625672,3,5,-0.02567265026914228
1200,11986,1,7,857357,1625672,4,4,-0.47934387969984643
1201,11679,1,7,857357,1625672,4,4,-0.453610027831242
1202,11518,1,7,857357,1625672,4,4,-0.49476408276230993
1203,12253,1,7,857357,1625672,3,5,-0.4416209191888322
1204,11728,2,6,857357,1625672,4,4,-0.023503279086378993
1205,12029,1,7,857357,1625672,3,5,-0.4846485064766925
1206,11420,2,6,857357,1625672,3,5,-0.008122220948410992
1207,11304,2,6,857357,1625672,3,5,-0.08968441647233837
1208,11244,1,7,857357,1625672,4,4,-0.485026827668482
1209,13967,1,7,857357,1625672,3,5,-0.3407699694441796
1210,11366,1,7,857357,1625672,4,4,-0.4967821425766113
1211,11849,1,7,857357,1625672,4,4,-0.41604581908199423
1212,12317,1,7,857357,1625672,4,4,-0.48576268365980246
1213,11544,1,7,857357,1625672,4,4,-0.4765586503872056
1214,11441,2,6,857357,1625672,4,4,-0.027646933686382248
1215,11492,2,6,857357,1625672,4,4,-0.014859344154788155
1216,11073,2,6,857357,1625672,3,5,-0.059944381358665096
1217,11632,2,6,857357,1625672,3,5,0.03388284798019075
1218,10676,1,7,857357,1625672,3,5,-0.48356934743135477
1219,12296,2,6,857357,1625672,3,5,0.0001567372909415943
1220,11375,2,6,857357,1625672,4,4,-0.06665439316895609
1221,11039,1,7,857357,1625672,4,4,-0.48665649410723133
1222,12194,2,6,857357,1625672,4,4,0.08084377469946409
1223,11387,1,7,857357,1625672,4,4,-0.48708739265420237
1224,12402,1,7,857357,1625672,4,4,-0.46258725044659205
1225,12908,1,7,857357,1625672,3,5,-0.47001719001314224
1226,11658,2,6,857357,1625672,4,4,-0.03683152134155099
1227,11358,1,7,857357,1625672,3,5,-0.42233232253477143
1228,11794,1,7,857357,1625672,3,5,-0.48847571327098416
1229,12166,1,7,857357,1625672,4,4,-0.4712176043625481
1230,11692,1,7,857357,1625672,3,5,-0.49102116335882656
1231,11002,1,7,857357,1625672,4,4,-0.4757344762866273
1232,11468,1,7,857357,1625672,4,4,-0.4864191381957258
1233,13708,2,6,857357,1625672,2,6,0.022363172939794805
1234,11507,2,6,857357,1625672,3,5,-0.07278066844779012
1235,12635,1,7,857357,1625672,4,4,-0.48147581034093195
1236,11220,2,6,857357,1625672,3,5,-0.005462505407620649
1238,12115,2,6,857357,1625672,4,4,0.07215564475852804
1239,11223,2,6,857357,1625672,4,4,-0.07774517273394138
1240,11642,1,7,857357,1625672,4,4,-0.4899716067057324
1241,11420,1,7,857357,1625672,4,4,-0.48420206757307266
1242,10594,1,7,857357,1625672,4,4,-0.4794668282769941
1243,13653,2,6,857357,1625672,4,4,-0.023137724885342787
1244,11664,2,6,857357,1625672,4,4,-0.004051020630983296
1245,11744,1,7,857357,1625672,4,4,-0.49381809102781055
1246,13449,2,6,857357,1625672,3,5,0.02826358564416199
1247,11751,1,7,857357,1625672,4,4,-0.48649944849123883
1248,11397,1,7,857357,1625672,4,4,-0.4670599580430517
1249,11920,2,6,857357,1625672,2,6,-0.019246240401525828
1250,12093,2,6,857357,1625672,4,4,0.028292339612176774
1251,13146,1,7,857357,1625672,4,4,-0.47964796608104465
1252,12936,1,7,857357,1625672,3,5,-0.4803758795079235
1253,10984,1,7,857357,1625672,4,4,-0.43027016022554504
1254,11794,1,7,857357,1625672,4,4,-0.4864071701896339
1255,12345,2,6,857357,1625672,3,5,0.05352614685207462
1256,13305,2,6,857357,1625672,3,5,0.008281048460981438
1257,11566,1,7,857357,1625672,3,5,-0.46936889275637717
1258,11722,1,7,857357,1625672,4,4,-0.4880073608470925
1259,11703,2,6,857357,1625672,3,5,-0.012704942327285675
1260,13205,2,6,857357,1625672,4,4,0.0273371449855026
1261,11408,1,7,857357,1625672,5,3,-0.4635070142210096
1262,12155,2,6,857357,1625672,4,4,-0.004928445607337477
1263,12797,2,6,857357,1625672,4,4,-0.0015703559432890344
1264,11967,1,7,857357,1625672,4,4,-0.4599984097660363
1265,12635,1,7,857357,1625672,3,5,-0.47944056614041247
1266,12564,1,7,857357,1625672,3,5,-0.3916070582277136
1267,11421,1,7,857357,1625672,4,4,-0.4873411707217443
1268,12071,2,6,857357,1625672,4,4,-0.05196491932352053
1269,11140,2,6,857357,1625672,2,6,-0.055345604667121545
1270,11479,2,6,857357,1625672,4,4,-0.021338504858298857
1271,12569,1,7,857357,1625672,3,5,-0.4722224978477619
1272,13742,1,7,857357,1625672,4,4,-0.4557744913768418
1273,11745,1,7,857357,1625672,4,4,-0.4597144528656335
1274,12056,1,7,857357,1625672,3,5,-0.4704164511567572
1275,12695,1,7,857357,1625672,4,4,-0.4890135689085633
1276,11586,2,6,857357,1625672,3,5,-0.003117937041837601
1277,11247,2,6,857357,1625672,4,4,-0.02587836810251999
1278,12184,1,7,857357,1625672,4,4,-0.4522709026670752
1279,11403,2,6,857357,1625672,4,4,-0.0658958575014762
1280,12882,1,7,857357,1625672,4,4,-0.40375420175197796
1281,12649,1,7,857357,1625672,5,3,-0.4834228832926437
1282,12112,1,7,857357,1625672,4,4,-0.42677219705667974
1283,11156,2,6,857357,1625672,3,5,-0.014024735623893317
1284,13241,2,6,857357,1625672,3,5,-0.00729603346423905
1285,11626,1,7,857357,1625672,4,4,-0.4889588009500118
1286,13554,2,6,857357,1625672,3,5,-0.02076030602406183
1287,11076,1,7,857357,1625672,3,5,-0.4821229409573997
1288,12160,1,7,857357,1625672,4,4,-0.4893271878144245
1289,11793,2,6,857357,1625672,3,5,-0.048227631280666115
1290,11229,1,7,857357,1625672,3,5,-0.4876175116868517
1291,11768,2,6,857357,1625672,3,5,0.0007672209737183158
1292,11858,2,6,857357,1625672,3,5,-0.05828029502098505
1293,11808,1,7,857357,1625672,4,4,-0.463897133680556
1294,11851,1,7,857357,1625672,5,3,-0.4861227289040743
1295,11580,2,6,857357,1625672,3,5,-0.017389703186304086
1296,13180,1,7,857357,1625672,2,6,-0.46363805353924537
1297,10944,2,6,857357,1625672,4,4,0.09323194729241782
1298,10848,2,6,857357,1625672,4,4,-0.024282909900062023
1299,12400,1,7,857357,1625672,4,4,-0.46679612537122595
1300,11051,2,6,857357,1625672,3,5,-0.046960009047302596
1301,12124,1,7,857357,1625672,4,4,-0.4799448538326272
1302,12980,2,6,857357,1625672,4,4,0.042630737959882266
1303,12719,2,6,857357,1625672,2,6,0.012265518311180971
1304,12915,1,7,857357,1625672,3,5,-0.4857978968571252
1305,13193,1,7,857357,1625672,4,4,-0.3799288551984566
1306,11298,2,6,857357,1625672,4,4,0.001738406980836097
1307,11957,1,7,857357,1625672,5,3,-0.48560264886188764
1308,11587,1,7,857357,1625672,4,4,-0.48468969642732607
1309,13252,1,7,857357,1625672,3,5,-0.4781552810240306
1310,11302,1,7,857357,1625672,3,5,-0.4842228016640501
1311,11355,1,7,857357,1625672,5,3,-0.48689431425763563
1312,13190,1,7,857357,1625672,4,4,-0.48282731127006134
1313,11552,2,6,857357,1625672,3,5,-0.09052162669576809
1314,12671,1,7,857357,1625672,4,4,-0.4763735034415012
1315,11225,1,7,857357,1625672,2,6,-0.48785704612602876
1316,11865,2,6,857357,1625672,4,4,0.0514467040403881
1317,12129,2,6,857357,1625672,2,6,-0.06627612857383308
1318,11478,1,7,857357,1625672,4,4,-0.4808856198762579
1319,10929,1,7,857357,1625672,5,3,-0.48737794763685305
1320,11329,1,7,857357,1625672,3,5,-0.48508748613752023
1321,12117,1,7,857357,1625672,4,4,-0.46715877434497804
1322,13261,1,7,857357,1625672,4,4,-0.47127816751709306
1323,12345,1,7,857357,1625672,5,3,-0.4802084928780339
1324,10916,2,6,857357,1625672,3,5,-0.06954277758732287
1325,10997,2,6,857357,1625672,4,4,-0.0749295781540927
1326,11755,1,7,857357,1625672,3,5,-0.44708620569917407
1327,11304,1,7,857357,1625672,4,4,-0.4771728156957929
1328,14312,1,7,857357,1625672,3,5,-0.4798281580685257
1329,13998,1,7,857357,1625672,4,4,-0.4993196908566564
1330,12632,1,7,857357,1625672,2,6,-0.46114020843668874
1331,11668,2,6,857357,1625672,3,5,-0.07035191890157985
1332,11733,2,6,857357,1625672,4,4,-0.018414407768714346
1333,11829,1,7,857357,1625672,3,5,-0.4811560487815108
1334,13254,1,7,857357,1625672,3,5,-0.4676859803323878
1335,11564,1,7,857357,1625672,4,4,-0.47029056469844127
1336,11338,1,7,857357,1625672,4,4,-0.39963320082862064
1337,11633,1,7,857357,1625672,5,3,-0.49471095481410887
1338,12493,2,6,857357,1625672,3,5,-0.04511894341740505
1339,12770,1,7,857357,1625672,5,3,-0.4776533576408269
1340,11114,2,6,857357,1625672,3,5,-0.03306815567825671
1341,11583,2,6,857357,1625672,5,3,-6.4207502959982e-05
1342,11959,1,7,857357,1625672,3,5,-0.4810165592653472
1343,11647,2,6,857357,1625672,3,5,-0.003142386994296274
1344,12393,2,6,857357,1625672,4,4,-0.046969363597635164
1345,11879,1,7,857357,1625672,4,4,-0.48900597445357824
1346,11538,1,7,857357,1625672,4,4,-0.48004147405463143
1347,11378,1,7,857357,1625672,4,4,-0.47739148045730667
1348,11836,2,6,857357,1625672,3,5,-0.021892821109730353
1349,11663,2,6,857357,1625672,3,5,-0.018641210412926552
1350,11362,1,7,857357,1625672,3,5,-0.4800107644059445
1351,13476,2,6,857357,1625672,3,5,-0.025237078239643267
1352,12490,1,7,857357,1625672,4,4,-0.4818317466304688
1353,12598,1,7,857357,1625672,4,4,-0.48616083572272134
1354,14992,1,7,857357,1625672,3,5,-0.3870333987199333
1355,11416,1,7,857357,1625672,4,4,-0.46607307190562686
1356,11392,1,7,857357,1625672,4,4,-0.49497075266927715
1357,12277,1,7,857357,1625672,3,5,-0.48828353661699186
1358,12617,1,7,857357,1625672,3,5,-0.4675555621521935
1359,11803,1,7,857357,1625672,4,4,-0.4849935886133084
1360,11997,1,7,857357,1625672,3,5,-0.4692209130813756
1361,11422,1,7,857357,1625672,4,4,-0.48409798201458976
1362,13265,2,6,857357,1625672,3,5,0.11266153836499707
1363,11593,2,6,857357,1625672,3,5,-0.010889162679450408
1364,11276,1,7,857357,1625672,5,3,-0.4895370535134843
1365,12476,1,7,857357,1625672,4,4,-0.47255533309172126
1366,11596,2,6,857357,1625672,3,5,-0.07894594648878947
1367,11310,2,6,857357,1625672,3,5,-0.05200972516503217
1368,11558,2,6,857357,1625672,3,5,-0.010661380219483324
1369,11860,2,6,857357,1625672,2,6,-0.008203445639892582
1370,11869,2,6,857357,1625672,4,4,0.011735127415686063
1371,12296,1,7,857357,1625672,4,4,-0.487678608426735
1372,12448,1,7,857357,1625672,3,5,-0.4897391136321093
1373,11434,2,6,857357,1625672,4,4,-0.04216983705445701
1374,11105,1,7,857357,1625672,3,5,-0.48007733825903914
1375,12061,1,7,857357,1625672,4,4,-0.4813375341013323
1376,11169,2,6,857357,1625672,3,5,-0.06793800597767924
1377,11489,2,6,857357,1625672,3,5,0.019147256872720377
1378,12789,1,7,857357,1625672,3,5,-0.5037203321180493
1379,13045,2,6,857357,1625672,3,5,0.030686196993839232
1380,11421,1,7,857357,1625672,5,3,-0.485876297936239
1381,11475,1,7,857357,1625672,4,4,-0.4847393309984612
1382,11380,1,7,857357,1625672,4,4,-0.40243381367245507
1383,11128,2,6,857357,1625672,4,4,-0.0011699955824993021
1384,12032,2,6,857357,1625672,2,6,-0.06595594576771319
1385,12117,1,7,857357,1625672,5,3,-0.4814152786954904
1386,15974,1,7,857357,1625672,4,4,-0.3948122176567073
1387,11115,1,7,857357,1625672,4,4,-0.48499638396963396
1388,11504,2,6,857357,1625672,3,5,-0.06710756021738472
1389,11808,1,7,857357,1625672,4,4,-0.4698386422836176
1390,11467,2,6,857357,1625672,3,5,-0.08417341444004908
1391,12786,2,6,857357,1625672,3,5,-0.019630542130551144
1392,10895,2,6,857357,1625672,3,5,0.014727013181305629
1393,11321,1,7,857357,1625672,4,4,-0.4678595281064627
1394,12045,1,7,857357,1625672,4,4,-0.4835931389356264
1395,12072,1,7,857357,1625672,4,4,-0.4238746419627287
1396,11041,1,7,857357,1625672,3,5,-0.47116812447348666
1397,12196,2,6,857357,1625672,4,4,-0.015073654337435412
1398,12042,1,7,857357,1625672,3,5,-0.4903565431164422
1399,11320,1,7,857357,1625672,4,4,-0.47310018446267466
1400,11240,1,7,857357,1625672,4,4,-0.48801516402500167
1401,12566,1,7,857357,1625672,3,5,-0.48957479514004193
1402,11804,2,6,857357,1625672,3,5,-0.014973153212513796
1403,11896,1,7,857357,1625672,4,4,-0.47371865909070726
1404,12020,1,7,857357,1625672,3,5,-0.4452347845204918
1405,11238,1,7,857357,1625672,5,3,-0.48721560007817666
1406,11239,1,7,857357,1625672,4,4,-0.47978002141614673
1407,11271,1,7,857357,1625672,4,4,-0.4877342047183611
1408,11259,2,6,857357,1625672,3,5,-0.024901925798683965
1409,11425,1,7,857357,1625672,5,3,-0.4571881475944175
1410,13397,1,7,857357,1625672,3,5,-0.47851430128809536
1411,12546,1,7,857357,1625672,4,4,-0.4697628955269058
1412,11310,1,7,857357,1625672,5,3,-0.47565235747717294
1413,11339,1,7,857357,1625672,4,4,-0.49260246342304015
1414,11550,1,7,857357,1625672,4,4,-0.4843753954274557
1415,11483,1,7,857357,1625672,4,4,-0.4633389162150668
1416,14184,1,7,857357,1625672,3,5,-0.428236898390959
1417,13878,1,7,857357,1625672,4,4,-0.4401802227959133
1418,11088,1,7,857357,1625672,4,4,-0.48552848036901713
1419,12702,1,7,857357,1625672,3,5,-0.48541238110078255
1420,11702,2,6,857357,1625672,4,4,-0.05509368918232364
1421,11636,2,6,857357,1625672,3,5,-0.040193263132036
1422,11368,1,7,857357,1625672,4,4,-0.4839584355391049
1423,11682,2,6,857357,1625672,4,4,-0.025949398991100783
1424,11514,2,6,857357,1625672,4,4,-0.0017936532817946853
1425,12945,1,7,857357,1625672,3,5,-0.4779708026453336
1426,11836,1,7,857357,1625672,4,4,-0.4408208030358247
1427,12678,1,7,857357,1625672,4,4,-0.4610628190616964
1428,12351,1,7,857357,1625672,4,4,-0.46079180405016396
1429,11316,1,7,857357,1625672,4,4,-0.40377850141745897
1430,12576,1,7,857357,1625672,4,4,-0.4847406859258687
1431,11949,1,7,857357,1625672,5,3,-0.4831182478846617
1432,11323,2,6,857357,1625672,4,4,-0.03878413320271201
1433,12385,1,7,857357,1625672,3,5,-0.49387141027695425
1434,11739,1,7,857357,1625672,4,4,-0.47537398783869816
1435,12387,1,7,857357,1625672,4,4,-0.4843512940674427
1436,11382,2,6,857357,1625672,3,5,-0.005062336864224267
1437,10991,1,7,857357,1625672,4,4,-0.4846031885941249
1438,11792,1,7,857357,1625672,3,5,-0.46174873903046976
1439,11911,1,7,857357,1625672,5,3,-0.483774728053991
1440,12577,1,7,857357,1625672,4,4,-0.47891461644150823
1441,15248,1,7,857357,1625672,4,4,-0.4725228183332077
1442,14261,1,7,857357,1625672,3,5,-0.4510740721060139
1443,10904,1,7,857357,1625672,4,4,-0.47291606346883136
1444,12430,2,6,857357,1625672,3,5,-0.02446408720582385
1445,10862,2,6,857357,1625672,3,5,-0.07276712209643378
1446,11727,1,7,857357,1625672,4,4,-0.42009538453380596
1447,11455,1,7,857357,1625672,5,3,-0.48086366166977024
1448,11629,1,7,857357,1625672,5,3,-0.47306026683134794
1449,11884,1,7,857357,1625672,4,4,-0.41788117769397715
1450,11321,1,7,857357,1625672,4,4,-0.47658748023215874
1451,11220,1,7,857357,1625672,4,4,-0.3819680054474476
1452,12510,1,7,857357,1625672,3,5,-0.47749736255126973
1453,11553,2,6,857357,1625672,4,4,-0.043485369825661584
1454,12610,1,7,857357,1625672,5,3,-0.48451164560372284
1455,12318,1,7,857357,1625672,4,4,-0.46492100399471686
1456,11381,2,6,857357,1625672,4,4,-0.004133763447155736
1457,12110,1,7,857357,1625672,3,5,-0.46179055277275155
1458,12904,1,7,857357,1625672,4,4,-0.47342707364952347
1459,11432,1,7,857357,1625672,4,4,-0.4829692458576323
1460,11392,2,6,857357,1625672,3,5,-0.08746839081618403
1461,12225,2,6,857357,1625672,3,5,-0.03867558345685172
1462,11758,2,6,857357,1625672,3,5,-0.008348966313606545
1463,13338,1,7,857357,1625672,4,4,-0.4891089818751194
1464,11161,2,6,857357,1625672,3,5,-0.07569197013852157
1465,12457,1,7,857357,1625672,4,4,-0.38738859471054726
1466,12038,2,6,857357,1625672,3,5,0.001518820490715097
1467,11735,1,7,857357,1625672,3,5,-0.40493400896847687
1468,11038,2,6,857357,1625672,4,4,-0.0772343304330414
1469,12034,2,6,857357,1625672,3,5,-0.04551372289180249
1470,11031,2,6,857357,1625672,4,4,0.03892906993683627
1471,11657,2,6,857357,1625672,4,4,0.05894822084877217
1472,11183,2,6,857357,1625672,4,4,-0.03441071446038199
1473,11500,1,7,857357,1625672,4,4,-0.4606318510152622
1474,11074,1,7,857357,1625672,3,5,-0.4470990991672885
1475,12365,1,7,857357,1625672,3,5,-0.4759014307290105
1476,11085,1,7,857357,1625672,4,4,-0.4845349251000582
1477,11751,1,7,857357,1625672,4,4,-0.4647851379311075
1478,11594,1,7,857357,1625672,3,5,-0.4814895319841809
1479,11495,1,7,857357,1625672,3,5,-0.479685261119619
1480,12039,1,7,857357,1625672,4,4,-0.47387944332032117
1481,11066,2,6,857357,1625672,4,4,-0.04485575274869211
1482,12444,1,7,857357,1625672,5,3,-0.4868659529517932
1483,11326,1,7,857357,1625672,3,5,-0.46766878530052797
1484,11228,2,6,857357,1625672,3,5,-0.027802376326434404
1485,11412,2,6,857357,1625672,4,4,0.05974598017160789
1486,11166,2,6,857357,1625672,4,4,0.0006834723027168281
1487,11056,1,7,857357,1625672,4,4,-0.48043118710381355
1488,12478,2,6,857357,1625672,4,4,0.016262683766475317
1489,11248,2,6,857357,1625672,4,4,0.0011471832873972837
1490,11972,2,6,857357,1625672,4,4,-0.0314787964129575
1491,12246,2,6,857357,1625672,4,4,0.04542800235017269
1492,12088,1,7,857357,1625672,5,3,-0.48771812344678717
1493,12284,2,6,857357,1625672,5,3,0.028697336082268887
1494,11183,1,7,857357,1625672,4,4,-0.4842330798902011
1495,11744,2,6,857357,1625672,3,5,-0.05249312285845196
1496,11681,1,7,857357,1625672,4,4,-0.4817354985814087
1497,11943,1,7,857357,1625672,4,4,-0.4851884497368098
1498,11916,1,7,857357,1625672,4,4,-0.49179959690700387
1499,11607,1,7,857357,1625672,4,4,-0.46317644060454255
1500,11177,1,7,857357,1625672,4,4,-0.4816173534622114
1501,11868,2,6,857357,1625672,2,6,0.0016609442670095036
1502,11419,1,7,857357,1625672,4,4,-0.38719608632117325
1503,10497,2,6,857357,1625672,4,4,-0.01651936949120138
1504,11440,1,7,857357,1625672,3,5,-0.4988536276474736
1505,11293,2,6,857357,1625672,4,4,-0.05442005325244528
1506,12334,2,6,857357,1625672,4,4,-0.016575078553125865
1507,11041,2,6,857357,1625672,3,5,-0.014309120930190967
1508,11637,1,7,857357,1625672,4,4,-0.4845669613465853
1509,12488,1,7,857357,1625672,4,4,-0.48624678696303186
1510,11897,1,7,857357,1625672,5,3,-0.4961291465618475
1511,11613,2,6,857357,1625672,3,5,-0.05376029942992177
1512,11433,1,7,857357,1625672,5,3,-0.48380898334888345
1513,11990,2,6,857357,1625672,4,4,0.03741550491035471
1514,12303,2,6,857357,1625672,4,4,0.005265889351889495
1515,11697,2,6,857357,1625672,2,6,0.012501477864889648
1516,12144,1,7,857357,1625672,3,5,-0.4654486884060314
1517,11167,1,7,857357,1625672,4,4,-0.4824514811984969
1518,11937,1,7,857357,1625672,4,4,-0.39207645570569094
1519,11023,1,7,857357,1625672,3,5,-0.43613481248470837
1520,12304,2,6,857357,1625672,2,6,-0.01724664613458106
1521,11347,2,6,857357,1625672,4,4,0.005710025398109655
1523,11632,2,6,857357,1625672,3,5,-0.029779974975169727
1524,11575,1,7,857357,1625672,3,5,-0.4704226212215306
1525,12075,1,7,857357,1625672,5,3,-0.43050857569407014
1526,12009,1,7,857357,1625672,4,4,-0.4824507952809877
1527,11271,1,7,857357,1625672,4,4,-0.37334232781199456
1528,11281,2,6,857357,1625672,3,5,-0.049186375721863275
1529,12595,2,6,857357,1625672,3,5,0.09793569374678128
1531,11053,2,6,857357,1625672,4,4,0.05199731532170462
1532,11584,2,6,857357,1625672,3,5,-0.0665715266689205
1533,11795,2,6,857357,1625672,3,5,-0.026927221833935016
1534,12271,1,7,857357,1625672,4,4,-0.4814925877310227
1535,12298,2,6,857357,1625672,3,5,-0.05084948817520304
1536,13095,2,6,857357,1625672,3,5,-0.07601757223043194
1537,12171,1,7,857357,1625672,3,5,-0.4597056578989413
1539,12195,1,7,857357,1625672,4,4,-0.42882652988318903
1540,11864,2,6,857357,1625672,4,4,0.02615368768841731
1542,13541,1,7,857357,1625672,4,4,-0.48593365111728337
1543,12009,1,7,857357,1625672,4,4,-0.4623331800926593
1544,12348,2,6,857357,1625672,3,5,-0.04753254844665674
1545,11770,1,7,857357,1625672,3,5,-0.48674603523972776
1547,11267,2,6,857357,1625672,4,4,-0.052649248672085855
1548,11146,1,7,857357,1625672,4,4,-0.43917778925728473
1550,12452,1,7,857357,1625672,4,4,-0.4731999035826715
1551,10997,2,6,857357,1625672,3,5,-0.011638638286515393
1552,12106,1,7,857357,1625672,4,4,-0.4854363415436039
1553,12184,1,7,857357,1625672,3,5,-0.4825492774426275
1555,11529,2,6,857357,1625672,3,5,-0.00263024058411375
1556,11422,1,7,857357,1625672,4,4,-0.48950116222220613
1558,12759,2,6,857357,1625672,3,5,-0.0689335310635775
1559,11159,2,6,857357,1625672,3,5,-0.07923708931519
1560,11108,2,6,857357,1625672,4,4,-0.03173008326201691
1561,11442,2,6,857357,1625672,4,4,-0.02972068591007445
1563,10768,2,6,857357,1625672,3,5,-0.03699294634467902
1564,11575,2,6,857357,1625672,4,4,-0.05655529671760385
1566,11004,2,6,857357,1625672,3,5,-0.04487422271703757
1567,11054,2,6,857357,1625672,3,5,-0.05766994431911065
1568,11705,2,6,857357,1625672,4,4,0.048372561592691404
1569,11459,1,7,857357,1625672,4,4,-0.4784527661476009
1571,13091,1,7,857357,1625672,4,4,-0.2497347704035056
1572,13143,1,7,857357,1625672,4,4,-0.4720329168768065
1574,11650,1,7,857357,1625672,4,4,-0.470385002114684
1575,11357,2,6,857357,1625672,4,4,0.04210593363089144
1576,10876,2,6,857357,1625672,4,4,-0.03985382019206256
1577,12704,2,6,857357,1625672,3,5,-0.03824641559322596
1579,10914,1,7,857357,1625672,4,4,-0.4830200100062106
1580,12359,2,6,857357,1625672,3,5,-0.07267714708289678
1582,11485,1,7,857357,1625672,4,4,-0.4449764953272113
1583,11385,1,7,857357,1625672,4,4,-0.48444102165795766
1584,12302,1,7,857357,1625672,4,4,-0.4649638591166853
1585,11719,1,7,857357,1625672,4,4,-0.4846848874934735
1587,12263,1,7,857357,1625672,3,5,-0.4780608150526184
1588,13454,1,7,857357,1625672,3,5,-0.4840084617035617
1590,11914,1,7,857357,1625672,4,4,-0.4842388780564057
1591,11056,2,6,857357,1625672,3,5,-0.07709102790260398
1592,11233,2,6,857357,1625672,4,4,-0.05323991147497028
1593,11817,1,7,857357,1625672,4,4,-0.48255251254086123
1596,13522,1,7,857357,1625672,3,5,-0.4866340055309058
1598,13319,1,7,857357,1625672,3,5,-0.42022181056555974
1599,11245,1,7,857357,1625672,4,4,-0.4784726415096314
1600,11903,2,6,857357,1625672,3,5,-0.029545599146597955
1601,12063,1,7,857357,1625672,4,4,-0.48755420861604604
1604,12778,1,7,857357,1625672,4,4,-0.3901608044345279
1606,11687,2,6,857357,1625672,3,5,-0.006439301575605338
1607,12655,2,6,857357,1625672,4,4,0.008091294107398825
1608,12348,2,6,857357,1625672,4,4,-0.009001582654318822
1609,13092,1,7,857357,1625672,4,4,-0.3925235570642052
1612,12455,1,7,857357,1625672,4,4,-0.48610509313957656
1614,12145,1,7,857357,1625672,4,4,-0.4595358439013947
1615,12098,2,6,857357,1625672,4,4,-0.013453197139245239
1616,12061,1,7,857357,1625672,5,3,-0.4258478161222789
1617,13192,1,7,857357,1625672,4,4,-0.4809479242100181
1620,11969,1,7,857357,1625672,3,5,-0.48963216236598606
1622,11967,2,6,857357,1625672,4,4,0.025956207974802355
1623,11288,1,7,857357,1625672,4,4,-0.48338508200258373
1624,11358,1,7,857357,1625672,4,4,-0.4843483524890541
1625,11877,2,6,857357,1625672,4,4,-2.206618502448575e-05
1628,12461,2,6,857357,1625672,3,5,0.010011427262265775
1630,10864,1,7,857357,1625672,4,4,-0.4819638192680921
1631,11192,1,7,857357,1625672,4,4,-0.48051965463070806
1632,10997,2,6,857357,1625672,4,4,-0.02439748949203301
1633,11802,1,7,857357,1625672,3,5,-0.48197303165931615
1636,12414,1,7,857357,1625672,3,5,-0.4823001241312176
1638,11083,1,7,857357,1625672,5,3,-0.4878990705941103
1639,13245,1,7,857357,1625672,3,5,-0.4873154702750086
1640,12029,1,7,857357,1625672,4,4,-0.4576252121653922
1641,11652,1,7,857357,1625672,5,3,-0.4887833081406443
1644,12714,2,6,857357,1625672,4,4,0.02785063722405109
1646,11339,2,6,857357,1625672,4,4,-0.005045157243937951
1647,11474,1,7,857357,1625672,4,4,-0.4679352781482805
1648,11804,1,7,857357,1625672,4,4,-0.48008092991162377
1649,11421,1,7,857357,1625672,4,4,-0.49133463575912234
1652,12125,2,6,857357,1625672,4,4,-0.03780170806198327
1654,12253,1,7,857357,1625672,3,5,-0.47396222505691893
1655,13314,2,6,857357,1625672,3,5,-0.07381453536181021
1656,12908,2,6,857357,1625672,3,5,-0.047127489177534454
1657,12966,2,6,857357,1625672,3,5,0.07526614930634426
1660,11149,1,7,857357,1625672,4,4,-0.47954544994357284
1662,11136,1,7,857357,1625672,4,4,-0.4815743454734717
1663,11664,2,6,857357,1625672,4,4,-0.014502451059439864
1664,10882,1,7,857357,1625672,4,4,-0.47294693638044344
1665,10832,2,6,857357,1625672,3,5,-0.07985725976651904
1668,11937,2,6,857357,1625672,3,5,-0.016970564043679137
1670,12123,2,6,857357,1625672,4,4,-0.020011444911102714
1671,13569,2,6,857357,1625672,2,6,-0.01434806629254748
1672,13139,1,7,857357,1625672,4,4,-0.47910531265666745
1673,11327,2,6,857357,1625672,3,5,-0.06959180897400054
1676,11321,2,6,857357,1625672,4,4,0.03385261842079309
1678,12267,2,6,857357,1625672,4,4,-0.027597806278667928
1679,13891,1,7,857357,1625672,5,3,-0.4882544439521975
1681,12762,2,6,857357,1625672,3,5,0.008019119481750967
1684,11697,1,7,857357,1625672,4,4,-0.47222314248317293
1686,13066,1,7,857357,1625672,3,5,-0.4765634401871386
1687,11581,2,6,857357,1625672,3,5,-0.03660446735343307
1689,11847,2,6,857357,1625672,3,5,-0.015123276316014218
1692,11414,2,6,857357,1625672,2,6,-0.058623069821153305
1694,11236,2,6,857357,1625672,3,5,-0.027503040847379527
1695,10977,1,7,857357,1625672,3,5,-0.4765553422207605
1697,12058,1,7,857357,1625672,4,4,-0.4808026332929147
1700,14235,1,7,857357,1625672,3,5,-0.49136769456515256
1702,12018,2,6,857357,1625672,4,4,0.005742552441413663
1703,12465,1,7,857357,1625672,4,4,-0.46195270794306165
1705,11312,1,7,857357,1625672,4,4,-0.4873533867113748
1708,11001,1,7,857357,1625672,4,4,-0.49973183542045724
1710,11452,2,6,857357,1625672,3,5,-0.08411643854530318
1711,11667,1,7,857357,1625672,4,4,-0.47936429993119806
1713,13347,1,7,857357,1625672,3,5,-0.45536929220790556
1716,11009,2,6,857357,1625672,4,4,-0.0308153497435743
1718,14124,2,6,857357,1625672,3,5,-0.05793540411642573
1719,12026,2,6,857357,1625672,3,5,-0.04768837441331137
1721,11898,1,7,857357,1625672,5,3,-0.48563276132596733
1724,11860,1,7,857357,1625672,4,4,-0.48253559599159784
1726,11799,1,7,857357,1625672,4,4,-0.47933284214625854
1727,12043,1,7,857357,1625672,4,4,-0.49240847870068144
1729,12183,2,6,857357,1625672,3,5,-0.010319526100970247
1732,11862,1,7,857357,1625672,4,4,-0.48682464182993257
1734,12106,1,7,857357,1625672,4,4,-0.4947336371462737
1735,12549,1,7,857357,1625672,4,4,-0.3870610364008096
1737,11187,1,7,857357,1625672,3,5,-0.4920125194179548
1740,12030,1,7,857357,1625672,4,4,-0.40389287422375664
1742,12484,1,7,857357,1625672,4,4,-0.47717513012015195
1743,12776,1,7,857357,1625672,4,4,-0.4822247036218094
1745,12014,2,6,857357,1625672,3,5,-0.057358884745579576
1748,11208,1,7,857357,1625672,4,4,-0.4981040930042433
1750,11388,1,7,857357,1625672,4,4,-0.48705996091431925
1751,11964,2,6,857357,1625672,3,5,-0.09861988526588254
1753,11582,2,6,857357,1625672,4,4,0.0515563257413161
1756,11705,1,7,857357,1625672,5,3,-0.490429729263287
1758,11145,1,7,857357,1625672,4,4,-0.4814930612098505
1759,12443,1,7,857357,1625672,4,4,-0.48981327698018184
1761,11672,1,7,857357,1625672,4,4,-0.485956464831154
1764,12027,2,6,857357,1625672,4,4,-0.004345479324305448
1766,12163,1,7,857357,1625672,4,4,-0.48253531149366713
1767,12212,2,6,857357,1625672,4,4,-0.005627621824319813
1769,11941,1,7,857357,1625672,3,5,-0.469451844154848
1772,10682,1,7,857357,1625672,4,4,-0.48046818494192395
1774,12253,1,7,857357,1625672,4,4,-0.48640508818790473
1775,13029,1,7,857357,1625672,4,4,-0.49109399782595836
1777,12081,1,7,857357,1625672,4,4,-0.4577722024064948
1780,11485,2,6,857357,1625672,4,4,0.04890662029096758
1782,11140,2,6,857357,1625672,3,5,-0.032542189914910764
1783,12352,1,7,857357,1625672,4,4,-0.39572996557790363
1785,14566,1,7,857357,1625672,2,6,-0.46414523779018435
1788,11656,1,7,857357,1625672,4,4,-0.48476516200283054
1790,13099,1,7,857357,1625672,4,4,-0.47241337530426086
1791,12234,1,7,857357,1625672,4,4,-0.4574490898731417
1793,11139,1,7,857357,1625672,3,5,-0.47470542269904825
1796,13140,1,7,857357,1625672,3,5,-0.3856153764022378
1798,11077,2,6,857357,1625672,3,5,0.017168585347065977
1799,11436,1,7,857357,1625672,5,3,-0.39349139861781135
1804,11222,2,6,857357,1625672,4,4,0.016586300173967842
1806,12749,2,6,857357,1625672,4,4,0.14341060082934526
1807,11184,2,6,857357,1625672,3,5,-0.02849054052047174
1812,10884,2,6,857357,1625672,4,4,-0.049750744556631
1814,11292,1,7,857357,1625672,4,4,-0.4192621259989927
1815,11291,2,6,857357,1625672,4,4,-0.007395516695563276
1820,11321,1,7,857357,1625672,4,4,-0.48074139909085994
1822,11910,1,7,857357,1625672,4,4,-0.48168616412551785
1823,11942,1,7,857357,1625672,4,4,-0.48390968968428866
1828,12049,2,6,857357,1625672,2,6,-0.034450848771773304
1830,12923,1,7,857357,1625672,4,4,-0.4740697520415216
1831,11458,1,7,857357,1625672,4,4,-0.48423151639272277
1836,11106,1,7,857357,1625672,4,4,-0.4778106519147572
1838,11595,2,6,857357,1625672,2,6,-0.09642696678322181
1839,12834,1,7,857357,1625672,3,5,-0.4940534332929763
1844,11697,2,6,857357,1625672,3,5,-0.0284799359562122
1846,10961,1,7,857357,1625672,3,5,-0.481518235632642
1847,11886,2,6,857357,1625672,3,5,-0.014292182553693222
1852,11072,2,6,857357,1625672,4,4,-0.022957606350520705
1854,12908,2,6,857357,1625672,2,6,0.00545224028015052
1855,10980,1,7,857357,1625672,4,4,-0.47993452586405666
1860,12651,2,6,857357,1625672,3,5,-0.0757246409862668
1862,12348,2,6,857357,1625672,3,5,-0.020320444393111245
1863,11884,1,7,857357,1625672,4,4,-0.480113283132352
1868,12985,1,7,857357,1625672,3,5,-0.4636703630506029
1870,11377,1,7,857357,1625672,4,4,-0.486283022663305
1871,11345,2,6,857357,1625672,4,4,-0.06634657009639158
1876,13007,1,7,857357,1625672,4,4,-0.47966897872227166
1878,13207,1,7,857357,1625672,4,4,-0.4663233037398156
1879,12100,2,6,857357,1625672,4,4,0.034811270725612825
1884,14404,1,7,857357,1625672,4,4,-0.44491163876611917
1886,10904,1,7,857357,1625672,4,4,-0.4760886354512746
1887,13930,1,7,857357,1625672,5,3,-0.4533537230707965
1894,10754,1,7,857357,1625672,4,4,-0.48294198091592455
1895,12344,2,6,857357,1625672,2,6,-0.013797570650276175
1902,12062,2,6,857357,1625672,3,5,-0.01691043589763638
1903,11297,2,6,857357,1625672,4,4,-0.06688158039280245
1910,13131,2,6,857357,1625672,4,4,0.007372798759402802
1911,11171,2,6,857357,1625672,4,4,-0.0086876062872893
1918,11302,2,6,857357,1625672,4,4,-0.0025884301882799876
1919,11313,2,6,857357,1625672,3,5,-0.014328508694745473
1926,12661,2,6,857357,1625672,4,4,-0.029179821056519697
1927,12869,1,7,857357,1625672,4,4,-0.4854548450716357
1934,10851,1,7,857357,1625672,3,5,-0.48811953857197476
1935,12157,1,7,857357,1625672,4,4,-0.4554695179126323
1942,10896,1,7,857357,1625672,4,4,-0.4848471622270882
1943,11152,1,7,857357,1625672,4,4,-0.47787708166576814
1950,12137,1,7,857357,1625672,4,4,-0.48914205655354215
1951,11318,1,7,857357,1625672,4,4,-0.46593147447488903
1958,12002,1,7,857357,1625672,4,4,-0.47968144424353093
1959,11488,2,6,857357,1625672,4,4,-0.03543631962003456
1966,11933,1,7,857357,1625672,5,3,-0.21451509133062896
1967,12129,1,7,857357,1625672,3,5,-0.47615809548403476
1974,11340,2,6,857357,1625672,4,4,-0.05779772888510564
1975,11739,2,6,857357,1625672,4,4,-0.0009793936349267295
1982,12555,1,7,857357,1625672,4,4,-0.4490344279839886
1983,11236,1,7,857357,1625672,4,4,-0.49028260583724126
1990,11589,1,7,857357,1625672,3,5,-0.4518995370053755
1991,11258,1,7,857357,1625672,3,5,-0.4826888662236318
1998,11565,1,7,857357,1625672,3,5,-0.4806668055307953
1999,11922,2,6,857357,1625672,4,4,-0.0803341636490191
2006,10831,2,6,857357,1625672,3,5,-0.07322338931042716
2007,11415,2,6,857357,1625672,3,5,-0.03110646554289549
2014,11221,1,7,857357,1625672,3,5,-0.4802365071941348
2015,11908,1,7,857357,1625672,4,4,-0.49335254318933874
2022,11645,2,6,857357,1625672,4,4,-0.03056013314746896
2023,11361,1,7,857357,1625672,4,4,-0.48333803926730706
2030,12514,1,7,857357,1625672,4,4,-0.48150252543088107
2031,11543,1,7,857357,1625672,3,5,-0.48655124698040453
2038,11185,1,7,857357,1625672,4,4,-0.46996874650954307
2039,11555,1,7,857357,1625672,3,5,-0.47988669960551905
2046,13241,1,7,857357,1625672,4,4,-0.40102682945304463
2047,12163,2,6,857357,1625672,3,5,-0.014532238033361275
2054,12462,2,6,857357,1625672,4,4,0.08383700816059224
2055,12315,1,7,857357,1625672,4,4,-0.39951187998715687
2062,11253,1,7,857357,1625672,4,4,-0.47164563532507675
2063,12061,2,6,857357,1625672,3,5,-0.00535024610836477
2070,12816,1,7,857357,1625672,3,5,-0.49039290949441744
2071,12516,1,7,857357,1625672,4,4,-0.41721181715233624
2078,11596,2,6,857357,1625672,4,4,0.0015507185642650346
2079,13148,2,6,857357,1625672,3,5,-0.06922270166488403
2086,11492,2,6,857357,1625672,4,4,-0.003190380883731973
2087,12199,2,6,857357,1625672,4,4,-0.007578183067514007
2094,11533,1,7,857357,1625672,4,4,-0.3971304943066581
2095,11037,2,6,857357,1625672,3,5,-0.05336370072132158
2102,11020,1,7,857357,1625672,4,4,-0.48911670272999647
2103,13683,2,6,857357,1625672,3,5,-0.01034245920239225
2110,11170,1,7,857357,1625672,3,5,-0.4880477568623989
2111,12698,2,6,857357,1625672,4,4,-0.018660606861342154
2118,11243,1,7,857357,1625672,4,4,-0.4694496846682089
2119,11587,2,6,857357,1625672,3,5,0.006829487010589896
2126,12661,1,7,857357,1625672,4,4,-0.4154338695921993
2127,11670,2,6,857357,1625672,3,5,-0.00892258915694446
2134,12337,2,6,857357,1625672,4,4,-0.029170013325672713
2135,11351,1,7,857357,1625672,4,4,-0.466266098825948
2142,12242,1,7,857357,1625672,4,4,-0.4910218126821733
2143,11613,2,6,857357,1625672,4,4,0.038824775989115504
2150,11934,1,7,857357,1625672,4,4,-0.4898052918317351
2151,12019,1,7,857357,1625672,4,4,-0.21555961922825387
2158,11277,1,7,857357,1625672,4,4,-0.48721017993200855
2159,12259,2,6,857357,1625672,3,5,-0.060934388952213044
2166,11211,1,7,857357,1625672,3,5,-0.43837899435122674
2167,11168,1,7,857357,1625672,4,4,-0.4641209585269335
2174,12142,1,7,857357,1625672,4,4,-0.479985954571532
2175,11760,1,7,857357,1625672,4,4,-0.48124740125938614
2182,13756,1,7,857357,1625672,2,6,-0.48948837254703076
2183,11195,2,6,857357,1625672,4,4,-0.004189912785624316
2190,13204,1,7,857357,1625672,2,6,-0.4866884807922569
2191,10920,2,6,857357,1625672,4,4,0.015241417256280362
2198,11802,2,6,857357,1625672,4,4,-0.06213776497691031
2199,11924,2,6,857357,1625672,4,4,-0.04387790217160573
3000,12766,1,7,857357,1625672,5,3,-0.4921630997852016
3001,13051,1,7,857357,1625672,4,4,-0.4801541077114784
3002,11473,2,6,857357,1625672,3,5,-0.029006505233245525
3003,11047,1,7,857357,1625672,4,4,-0.4875299985485835
3004,12547,2,6,857357,1625672,3,5,0.0020798775119585337
3005,10729,1,7,857357,1625672,4,4,-0.4774808135147987
3006,11283,1,7,857357,1625672,4,4,-0.45470488479500487
3007,13038,2,6,857357,1625672,4,4,-0.022616567717508522
3008,11630,1,7,857357,1625672,5,3,-0.48435947793600637
3009,11507,2,6,857357,1625672,3,5,-0.0032462149908951844
3010,11530,2,6,857357,1625672,4,4,-0.021261237279575497
3011,12281,2,6,857357,1625672,4,4,-0.02710894587876474
3012,11228,2,6,857357,1625672,3,5,0.024494987661694882
3013,12164,1,7,857357,1625672,3,5,-0.49082142131765033
3014,11140,2,6,857357,1625672,2,6,-0.06014207402416365
3015,11244,1,7,857357,1625672,4,4,-0.4974289300952266
3016,11135,1,7,857357,1625672,5,3,-0.4881257097946604
3017,12028,1,7,857357,1625672,4,4,-0.39993560018114077
3018,11167,1,7,857357,1625672,4,4,-0.49494948159523255
3019,11858,1,7,857357,1625672,4,4,-0.4786404093753612
3020,11754,1,7,857357,1625672,4,4,-0.4869902571864973
3021,11927,1,7,857357,1625672,4,4,-0.4902168962326533
3022,11612,2,6,857357,1625672,4,4,-0.022013051091280725
3023,11344,2,6,857357,1625672,4,4,0.037821583975497404
3024,11793,2,6,857357,1625672,3,5,-0.05468801312196637
3025,11352,2,6,857357,1625672,2,6,-0.05784454338412506
3026,12347,1,7,857357,1625672,4,4,-0.44239689890603723
3027,12557,1,7,857357,1625672,4,4,-0.48478467462090435
3028,12212,1,7,857357,1625672,5,3,-0.4982039955815809
3029,11306,1,7,857357,1625672,4,4,-0.48393136767435246
3030,11315,2,6,857357,1625672,3,5,-0.04614389257896626
3031,12281,1,7,857357,1625672,4,4,-0.4288808537900588
3032,12315,1,7,857357,1625672,4,4,-0.44242047908769355
3033,12587,1,7,857357,1625672,2,6,-0.488760103574404
3034,13068,1,7,857357,1625672,2,6,-0.46319822133688
3035,11571,1,7,857357,1625672,4,4,-0.4450273820297622
3036,13600,2,6,857357,1625672,3,5,0.006106682614581296
3037,11527,2,6,857357,1625672,3,5,-0.0687759048963208
3038,11676,1,7,857357,1625672,5,3,-0.473871826941181
3040,12701,2,6,857357,1625672,3,5,0.06488585209480588
3041,11831,1,7,857357,1625672,3,5,-0.48989622891123386
3042,11848,2,6,857357,1625672,4,4,-0.028626415576521114
3043,12977,1,7,857357,1625672,5,3,-0.4921011186968558
3044,11254,1,7,857357,1625672,4,4,-0.47027211679602166
3045,11654,2,6,857357,1625672,3,5,-0.013347816030920312
3046,12731,1,7,857357,1625672,4,4,-0.4754573998030696
3048,11297,2,6,857357,1625672,3,5,-0.020782768904805765
3049,11160,2,6,857357,1625672,4,4,0.037545610079935406
3050,11663,2,6,857357,1625672,3,5,-0.021377093747763667
3051,10966,2,6,857357,1625672,3,5,-0.0637752084435065
3052,11585,2,6,857357,1625672,4,4,-0.02657198975104725
3053,13081,1,7,857357,1625672,4,4,-0.4760648686503828
3054,13581,2,6,857357,1625672,4,4,-0.00066775630337509
3056,11251,2,6,857357,1625672,3,5,-0.04483087137432487
3057,12266,1,7,857357,1625672,4,4,-0.4588537472845953
3058,12030,2,6,857357,1625672,3,5,-0.04345256489938998
3059,12076,1,7,857357,1625672,3,5,-0.4761631786394653
3060,12797,1,7,857357,1625672,4,4,-0.4435506154139406
3061,11298,2,6,857357,1625672,4,4,-0.031197212395158654
3062,11824,1,7,857357,1625672,4,4,-0.48561580232024293
3064,11534,1,7,857357,1625672,4,4,-0.48240911970557837
3065,12064,2,6,857357,1625672,4,4,-0.010399253435259711
3066,11094,1,7,857357,1625672,4,4,-0.470289256303955
3067,12360,1,7,857357,1625672,4,4,-0.4598075239154506
3068,10941,2,6,857357,1625672,3,5,-0.05247343745010665
3069,11069,1,7,857357,1625672,4,4,-0.4801651102963868
3070,11380,2,6,857357,1625672,3,5,-0.07740336564967132
3072,11683,1,7,857357,1625672,4,4,-0.489937549434967
3073,11405,2,6,857357,1625672,4,4,-0.020350405444342846
3074,11171,1,7,857357,1625672,5,3,-0.48759237476381584
3075,12928,1,7,857357,1625672,4,4,-0.32976334352165787
3076,11478,2,6,857357,1625672,3,5,-0.042289173507618634
3077,12640,2,6,857357,1625672,4,4,0.004937728829225665
3078,12903,1,7,857357,1625672,4,4,-0.5050504671394882
3080,11473,2,6,857357,1625672,3,5,-0.08341913801144842
3081,11556,1,7,857357,1625672,4,4,-0.47610093186733504
3082,12374,2,6,857357,1625672,3,5,-0.04378537744910294
3083,11445,1,7,857357,1625672,4,4,-0.483842142096541
3085,13158,2,6,857357,1625672,4,4,0.04214874206335161
3086,10874,1,7,857357,1625672,5,3,-0.47109858449138936
3088,11833,1,7,857357,1625672,4,4,-0.47850503579175696
3089,10700,1,7,857357,1625672,4,4,-0.47751226396456925
3090,13073,2,6,857357,1625672,3,5,-0.0730510541999279
3091,11271,1,7,857357,1625672,4,4,-0.4874001158682115
3093,12077,2,6,857357,1625672,3,5,-0.00983480788869525
3094,11739,2,6,857357,1625672,3,5,-0.0742421147581225
3096,12780,1,7,857357,1625672,4,4,-0.34695868198057983
3097,11588,1,7,857357,1625672,4,4,-0.4814864225589484
3098,12767,2,6,857357,1625672,3,5,-0.040262218533913194
3099,11793,1,7,857357,1625672,5,3,-0.48426038578515057
3101,11810,1,7,857357,1625672,5,3,-0.48692312814460875
3102,11383,2,6,857357,1625672,4,4,-0.04505725939837051
3104,11467,1,7,857357,1625672,4,4,-0.4844481865206271
3105,11042,2,6,857357,1625672,4,4,-0.008284830371434135
3106,11408,2,6,857357,1625672,3,5,-0.0676100494352974
3107,11262,2,6,857357,1625672,3,5,0.021717563944287487
3109,12022,2,6,857357,1625672,4,4,0.0001017287298175296
3110,12261,1,7,857357,1625672,3,5,-0.4860830104673769
3112,12370,1,7,857357,1625672,4,4,-0.43321915211001255
3113,11443,2,6,857357,1625672,2,6,-0.0878430533921886
3114,11106,2,6,857357,1625672,3,5,-0.051463805144587704
3115,11556,2,6,857357,1625672,4,4,-0.01753975764977663
3117,12561,1,7,857357,1625672,5,3,-0.4871039385218807
3118,12045,1,7,857357,1625672,4,4,-0.4806655553452658
3120,10948,2,6,857357,1625672,4,4,0.09308783350555011
3121,12378,1,7,857357,1625672,4,4,-0.4841824562641677
3122,12498,2,6,857357,1625672,3,5,0.00015270143331634986
3123,10961,1,7,857357,1625672,4,4,-0.47868762571056833
3125,11758,1,7,857357,1625672,4,4,-0.46777164310319436
3126,13265,2,6,857357,1625672,2,6,0.009337967627591339
3128,12045,1,7,857357,1625672,3,5,-0.49183737828559987
3129,14102,1,7,857357,1625672,4,4,-0.4857367905573974
3130,10922,1,7,857357,1625672,4,4,-0.4828425236538739
3131,10941,1,7,857357,1625672,4,4,-0.48396003690779377
3134,13345,2,6,857357,1625672,2,6,-0.03294206432655296
3136,11707,1,7,857357,1625672,3,5,-0.36206411983024894
3137,11371,1,7,857357,1625672,3,5,-0.46111593573028475
3138,11189,2,6,857357,1625672,3,5,-0.040340324005697044
3139,11842,2,6,857357,1625672,2,6,-0.02249966258277312
3142,11559,1,7,857357,1625672,4,4,-0.4700813679140882
3144,11257,1,7,857357,1625672,4,4,-0.48222473329146415
3145,11693,1,7,857357,1625672,4,4,-0.4718175147274783
3146,11130,2,6,857357,1625672,4,4,-0.013597149658723131
3147,13026,2,6,857357,1625672,3,5,-0.009196166911234014
3150,11194,1,7,857357,1625672,4,4,-0.48139534234043685
3152,13148,2,6,857357,1625672,3,5,0.04927441437710517
3153,11361,2,6,857357,1625672,4,4,-0.044160456333463737
3154,11733,1,7,857357,1625672,3,5,-0.48413959927457356
3155,11973,1,7,857357,1625672,5,3,-0.4863714983829112
3158,11587,1,7,857357,1625672,4,4,-0.3593682945251352
3160,12592,1,7,857357,1625672,3,5,-0.484957345401127
3161,11029,2,6,857357,1625672,4,4,-0.0417820976449716
3162,11831,1,7,857357,1625672,4,4,-0.4898290948058327
3163,11545,1,7,857357,1625672,4,4,-0.48738832029076035
3166,11794,1,7,857357,1625672,4,4,-0.4768217015804578
3168,11980,2,6,857357,1625672,4,4,-0.004203231015938767
3169,11821,1,7,857357,1625672,4,4,-0.48910319871135444
3170,11848,1,7,857357,1625672,5,3,-0.4153057778987863
3171,11538,1,7,857357,1625672,4,4,-0.4834819024305707
3174,12933,2,6,857357,1625672,3,5,-0.05070776270181932
3176,12137,1,7,857357,1625672,4,4,-0.4841784699880477
3177,11880,1,7,857357,1625672,4,4,-0.4850521810304462
3178,11447,1,7,857357,1625672,5,3,-0.48286693982465123
3179,11610,2,6,857357,1625672,3,5,-0.02939511350366318
3182,11787,2,6,857357,1625672,4,4,0.034775838436799336
3184,11697,1,7,857357,1625672,4,4,-0.46799528750303754
3185,11531,2,6,857357,1625672,4,4,-0.008969492153675217
3186,10620,2,6,857357,1625672,3,5,-0.09362896712493902
3187,12225,1,7,857357,1625672,4,4,-0.4751323046454384
3190,11148,1,7,857357,1625672,4,4,-0.49248387864662335
3192,11494,2,6,857357,1625672,2,6,-0.06973617785182336
3194,11780,1,7,857357,1625672,5,3,-0.4862564235502914
3195,13050,1,7,857357,1625672,4,4,-0.4841904618407414
3198,11112,1,7,857357,1625672,5,3,-0.4822926084017147
3200,12045,1,7,857357,1625672,4,4,-0.4572806913378521
3202,13374,2,6,857357,1625672,3,5,-0.006893127169825324
3203,13544,1,7,857357,1625672,4,4,-0.49093274336175935
3206,11314,1,7,857357,1625672,4,4,-0.4840165771468012
3208,11112,1,7,857357,1625672,4,4,-0.48639842426082286
3210,12309,1,7,857357,1625672,4,4,-0.4522237092002806
3211,11880,1,7,857357,1625672,3,5,-0.4219226335260019
3214,11938,2,6,857357,1625672,4,4,-0.06422445022574001
3216,12043,2,6,857357,1625672,3,5,0.0407182161754933
3218,13611,1,7,857357,1625672,2,6,-0.4692017216927858
3219,11498,2,6,857357,1625672,3,5,-0.07742402002408866
3222,11825,2,6,857357,1625672,4,4,-0.02199750824344484
3224,11759,1,7,857357,1625672,3,5,-0.49080687112725113
3226,11120,1,7,857357,1625672,5,3,-0.5148539189669094
3227,12168,2,6,857357,1625672,4,4,-0.02308667539111625
3230,11760,1,7,857357,1625672,5,3,-0.46891524642584903
3232,11295,2,6,857357,1625672,4,4,-0.02693300379794173
3234,11341,2,6,857357,1625672,3,5,-0.013878608413069206
3235,12113,1,7,857357,1625672,5,3,-0.4896568159912852
3238,11617,2,6,857357,1625672,3,5,-0.02998527869367517
3242,11624,1,7,857357,1625672,4,4,-0.4865634037204621
3243,11701,2,6,857357,1625672,3,5,-0.003088874074228204
3246,11580,2,6,857357,1625672,4,4,0.0113318356599938
3250,11221,2,6,857357,1625672,3,5,-0.03391931957029555
3251,13005,1,7,857357,1625672,4,4,-0.4976273071025286
3254,12130,2,6,857357,1625672,4,4,-0.05370534639587134
3258,12737,2,6,857357,1625672,3,5,-0.04290864610272751
3259,10619,2,6,857357,1625672,3,5,0.002252481136059135
3262,11620,1,7,857357,1625672,4,4,-0.4852230557470406
3266,12047,1,7,857357,1625672,4,4,-0.4047973760994806
3267,12589,2,6,857357,1625672,3,5,-0.04212582748968784
3270,11371,1,7,857357,1625672,4,4,-0.49851837242149427
3274,11029,2,6,857357,1625672,5,3,0.003581671715763581
3275,11623,1,7,857357,1625672,4,4,-0.45134430437183615
3278,12335,1,7,857357,1625672,3,5,-0.44845054134579937
3282,11186,1,7,857357,1625672,3,5,-0.48645586519417866
3283,11748,2,6,857357,1625672,4,4,-0.011623784586060334
3286,12703,1,7,857357,1625672,3,5,-0.48415842034986717
3290,11479,1,7,857357,1625672,4,4,-0.48261163537904855
3291,11918,1,7,857357,1625672,4,4,-0.4141857985649984
3294,11995,1,7,857357,1625672,4,4,-0.4904809924894192
3298,11497,1,7,857357,1625672,4,4,-0.4855888242240591
3299,13670,2,6,857357,1625672,4,4,-0.013847154662220848
3302,12601,1,7,857357,1625672,4,4,-0.47448824781394294
3306,12791,2,6,857357,1625672,3,5,-0.016859254534014833
3307,12643,2,6,857357,1625672,4,4,0.0044236426630651976
3310,10737,2,6,857357,1625672,4,4,-0.024270935394188772
3314,12346,1,7,857357,1625672,3,5,-0.4897358015639107
3315,12391,2,6,857357,1625672,3,5,0.014581317511656144
3318,13396,2,6,857357,1625672,4,4,0.01660445092852021
3322,15430,1,7,857357,1625672,4,4,-0.4816972215446088
3323,12033,1,7,857357,1625672,3,5,-0.4849880759600911
3330,11923,1,7,857357,1625672,4,4,-0.48505354752851776
3331,13430,1,7,857357,1625672,4,4,-0.4842639735846472
3338,13187,2,6,857357,1625672,3,5,-0.0025925427814185186
3339,11995,2,6,857357,1625672,4,4,0.06926203687343507
3346,11222,1,7,857357,1625672,4,4,-0.48463743657345865
3347,11837,1,7,857357,1625672,4,4,-0.4835423661984945
3354,14535,2,6,857357,1625672,3,5,0.0017605108605260513
3355,13384,1,7,857357,1625672,4,4,-0.4751103298596816
3362,11937,1,7,857357,1625672,4,4,-0.4445683734064336
3363,12907,2,6,857357,1625672,3,5,-0.010778951812710212
3370,11703,1,7,857357,1625672,4,4,-0.4814572510919312
3371,10768,2,6,857357,1625672,4,4,0.027939114928406155
3378,14167,1,7,857357,1625672,4,4,-0.493620932962
3379,11052,1,7,857357,1625672,3,5,-0.4774242215745907
3386,11318,1,7,857357,1625672,4,4,-0.461932011294018
3394,10780,1,7,857357,1625672,4,4,-0.4463360997447349
3402,12491,2,6,857357,1625672,4,4,-0.07550478494318506
3410,11652,1,7,857357,1625672,4,4,-0.4850425767691004
